Identificador,Sexo,Grupo,Grado,Grado_num,Grado_num2,Trabaja,No_trabaja,Ocupacion,Ocupacion_otro,Personas_hogar,Ing_hogar,Municipio,Clave_mun,prob_Contaminacion,prob_Convivencia,prob_Corrupcion,prob_Desarrollo_urbano,prob_Desastres.naturales,prob_Desigualdad,prob_Deuda_publica,prob_Economia,prob_Educacion,prob_Empleo,prob_Imparticion_justicia,prob_Participacion_ciudadana,prob_Pobreza,prob_Salud,prob_Seguridad_publica,prob_Servicios_publicos,prob_Transparencia,prob_Transporte,prob_Vivienda,prob_Ninguno,prob_Otro,Sat_luz,Sat_gas,Sat_agua,Sat_policia,Sat_trans_pub,Sat_estacionamiento,Sat_basura,Sat_internet,Sat_mercados,Informacion,Informacion_otro,Interes_politica,Iden_presidente,Iden_diploc,Iden_dipfed,Voto18,No_voto18,No_voto18_otro,PE_1,PE_2,PE_3,PE_4,PE_5,PE_6,PE_7,PE_8,PP12M_1,PP12M_2,PP12M_3,PP12M_4,PP12M_5,PP12M_6,PP12M_7,Manif_1,Manif_2,Manif_3,Manif_4,SentirPP_1,SentirPP_2,SentirPP_3,SentirPP_4,SentirPP_5,SentirPP_6,Iden_Plebiscito,Iden_Referendum,Iden_Ratificacion_Constitucional,Iden_Iniciativa_Ciudadana,Iden_Ratificacion_Mandato,Iden_Revocacion_Mandato,Iden_Consulta_Popular,Iden_Presupuesto_Participativo,Iden_Comparecencia_Publica,Iden_Proyecto_Social,Iden_Asamblea_Popular,Iden_Ayuntamiento_Abierto,Iden_Colaboracion_Popular,Iden_Planeacion_Participativa,Iden_Dialogo_Colaborativo,Iden_Contraloria_Social,Part_Plebiscito,Part_Referendum,Part_Ratificacion_Constitucional,Part_Iniciativa_Ciudadana,Part_Ratificacion_Mandato,Part_Revocacion_Mandato,Part_Consulta_Popular,Part_Presupuesto_Participativo,Part_Comparecencia_Publica,Part_Proyecto_Social,Part_Asamblea_Popular,Part_Ayuntamiento_Abierto,Part_Colaboracion_Popular,Part_Planeacion_Participativa,Part_Dialogo_Colaborativo,Part_Contraloria_Social,Opinion_cuenta,ID_gob,wf2
1,1,1,6,2,,1,,5,,2,5,Zapopan,120,,,1,1,,,,,,,,,,,1,,,,,,,2,1,3,4,2,1,1,2,1,4,,1,1,2,1,1,,,1,2,3,2,2,2,2,3,2,2,2,2,2,2,2,,,,,,,,,,,1,1,1,1,1,1,1,1,1,1,1,1,1,1,1,1,2,2,2,1,1,2,1,1,2,1,2,2,2,2,2,2,2,1,988
2,1,1,5,4,,1,,5,,3,8,Guadalajara,39,,,,1,,,,,,,1,,,,1,,,,,,,1,1,1,3,3,3,2,2,2,4,,1,1,2,2,1,,,1,1,1,1,1,1,1,3,2,2,2,1,2,2,2,,,,,3,2,2,2,3,3,1,1,1,1,1,1,1,1,2,1,1,2,2,1,1,1,2,2,2,2,2,2,2,1,,2,2,,,2,2,2,1,2,2522
3,2,3,5,3,,2,2,,,4,,Tlajomulco de Zúñiga,97,,,,,,,,,,,,,,,,,,,,,,,,,,,,,,,,,,,,,,,,,,,,,,,,,,,,,,,,,,,,,,,,,,,,,,,,,,,,,,,,,,,,,,,,,,,,,,,,,,4,706
4,1,1,5,4,,2,2,,,5,7,Guadalajara,39,,,,,,,,,,1,1,,,,1,,,,,,,2,2,2,3,1,2,2,2,1,3,,2,1,2,2,1,,,1,1,2,1,2,2,1,3,2,2,2,2,2,2,2,,,,,,,,,,,1,1,1,1,1,1,1,1,2,2,1,2,2,2,2,2,2,2,2,2,2,2,2,2,,,2,,,,,,2,5,86
5,1,1,5,5,,1,,3,,1,2,Zapopan,120,,,,1,,1,,,,,,1,,,,,,,,,,1,2,1,2,2,2,2,3,2,4,,1,1,2,2,1,,,2,2,2,2,2,3,2,4,2,2,1,2,2,1,2,,,,,2,2,3,2,2,1,2,1,1,1,1,1,1,1,2,1,2,2,2,2,1,1,,1,2,3,2,2,1,1,,1,,,,,2,2,3,6,1328
6,1,1,6,2,,1,,1,,2,7,Guadalajara,39,,,,,,1,,,,,1,,1,,,,,,,,,2,1,1,4,4,3,2,3,3,4,,1,1,1,1,1,,,2,3,3,2,3,4,3,4,2,1,2,2,2,2,2,,,,,1,2,1,1,2,1,1,1,1,2,1,1,2,1,2,2,2,2,2,1,2,2,2,2,2,,2,2,,2,,,,,,2,,,2,7,482
7,1,1,5,5,,1,,1,,3,6,Guadalajara,39,,,,,,,,,,1,,,,,,,,1,1,,,2,2,2,3,3,2,1,2,3,4,,1,1,1,1,1,,,1,2,1,1,1,1,1,2,2,2,1,2,2,2,1,,,3,,2,1,3,1,3,1,1,1,1,1,1,1,1,1,1,1,1,1,1,1,1,1,2,2,2,1,2,2,1,2,2,2,2,2,2,2,2,2,3,8,943
8,1,1,5,5,,1,,1,,2,7,Guadalajara,39,1,,,,,1,,,,,,,,,1,,,,,,,2,1,1,4,3,3,2,2,1,3,,1,1,1,1,1,,,2,2,2,3,2,3,2,4,1,2,1,2,1,1,1,,,3,,1,2,3,2,2,2,1,1,1,1,1,1,1,1,1,1,1,1,1,1,1,1,2,2,2,2,2,2,2,2,2,2,2,2,2,2,1,2,2,10,482
9,1,1,5,5,,1,,1,,3,3,Zapopan,120,,,,,,,,,,1,,,,,1,1,,,,,,2,2,4,4,3,3,1,2,3,4,,2,1,2,2,1,,,2,1,1,1,2,1,1,3,1,2,1,1,2,2,2,,,,,1,1,2,1,3,2,1,1,1,1,1,1,1,1,1,1,1,1,1,1,1,1,1,1,2,1,2,2,1,2,2,1,2,2,1,2,2,2,2,11,1446
10,2,1,6,1,,1,,5,,2,6,Guadalajara,39,,,,,,1,,,,,,,,,1,,,,1,,,2,1,2,4,3,2,2,2,3,3,,1,1,2,2,1,,,2,2,4,2,3,4,2,3,1,2,2,2,1,2,2,,,,,1,1,2,2,2,1,1,1,1,1,1,1,1,1,2,1,1,2,1,1,1,2,2,2,2,1,2,2,1,1,,1,2,,2,2,2,,2,12,732
11,1,1,5,5,,1,,5,,2,4,Zapopan,120,,,,,,1,,,,,,,1,,1,,,,,,,2,3,3,3,2,3,2,3,3,4,,1,1,1,1,1,,,2,2,2,2,2,2,2,2,2,2,2,1,2,1,2,,,,,2,2,2,2,2,1,2,1,1,1,1,1,2,1,1,1,1,1,1,1,2,1,,2,2,2,2,2,,2,2,1,2,2,2,2,,2,2,13,1290
12,1,1,5,4,,2,2,,,5,2,El Salto,70,1,,,,,,,,,,,,,1,1,,,,,,,3,3,4,3,3,5,3,3,2,3,,1,1,1,1,1,,,2,2,4,3,4,4,2,2,3,2,1,2,2,1,1,,,3,,2,1,4,1,3,2,1,1,1,1,1,1,1,1,1,1,1,1,1,1,1,1,2,2,2,1,2,2,1,2,2,1,2,2,2,2,2,2,2,15,298
13,2,1,5,,,2,2,,,5,2,Guadalajara,39,,1,,,,,,,,,,1,,,1,,,,,,,2,2,2,3,3,3,3,2,4,4,,2,1,1,1,1,,,2,3,2,2,2,1,1,2,2,2,2,1,2,2,2,,,,,,,,,,,1,1,1,1,1,1,1,1,2,1,1,1,1,1,2,1,,,,,,,,,,,,,,,,,2,16,307
14,1,1,6,2,,2,2,,,4,6,Puerto Vallarta,67,,,1,1,,,,,,,,1,,,,,,,,,,2,2,2,4,3,3,2,3,2,4,,1,1,2,2,1,,,2,2,2,2,3,3,2,3,2,1,2,2,2,2,2,,,,,3,2,3,2,2,2,1,1,1,1,1,1,1,1,1,1,2,1,2,1,1,2,2,2,2,2,2,2,2,2,2,2,,2,,2,2,,2,17,95
15,1,3,5,4,,2,2,,,3,4,Tlajomulco de Zúñiga,97,,,,,,,,,1,,,,,,1,,,1,,,,2,2,4,4,4,4,2,3,3,1,,1,1,1,2,1,,,2,5,2,2,3,5,2,2,1,2,2,1,1,1,2,,,,,1,2,2,4,4,2,1,1,1,1,1,1,1,1,1,1,1,1,1,1,1,1,3,2,1,1,2,2,2,1,3,2,2,3,2,2,2,2,2,18,127
16,2,3,5,5,,2,3,,,6,9,Tlajomulco de Zúñiga,97,,,,1,,,,,,,,,,,,,,,,,,2,2,2,3,3,3,2,2,2,1,,1,1,1,1,1,,,1,1,1,1,1,1,1,3,1,1,2,1,2,1,2,,,,,3,1,2,1,3,1,1,1,1,1,1,1,1,1,1,1,1,1,1,1,1,1,2,2,2,2,1,1,1,1,1,1,1,2,1,1,1,2,3,23,6484
17,1,3,5,4,,2,3,,,3,3,Zapopan,120,,,1,,,,,,,,,,,,1,,,,,,,2,2,2,4,2,4,2,2,3,1,,4,1,2,2,1,,,,,,,,,,,,,,,,,,,,,,,,,,,,,,,,,,,,,,,,,,,,,,,,,,,,,,,,,,,,,26,535
18,1,3,6,2,,2,3,,,4,5,Zapopan,120,,,,,,,,,,,,1,,,1,,1,,,,,1,2,2,3,2,2,2,2,3,1,,2,1,2,2,1,,,2,2,2,2,2,3,2,2,1,2,2,1,2,1,2,,,,,2,2,2,1,2,2,1,1,1,1,1,1,1,1,1,1,1,1,1,1,1,1,2,2,2,1,2,2,1,2,1,1,1,2,1,2,2,2,1,28,644
19,1,1,5,3,,1,,1,,2,4,Guadalajara,39,,,,1,,,,,,1,,,,,1,,,,,,,2,2,2,3,3,2,2,3,1,4,,2,1,2,2,1,,,2,2,2,2,3,2,2,3,1,1,2,2,1,1,1,,,3,,2,2,1,2,2,2,2,1,1,1,1,1,1,1,1,1,1,1,1,1,1,1,,2,2,2,1,2,2,2,2,1,2,2,2,1,2,2,2,29,1290
20,2,1,6,2,,2,2,,,3,6,Zapopan,120,,,,,,1,,,,,1,,,,1,,,,,,,2,2,2,3,3,2,2,2,2,4,,2,1,2,2,1,,,2,2,3,2,3,4,2,3,2,2,2,2,2,2,1,,,3,,2,1,2,1,3,1,1,2,1,1,1,1,1,1,2,1,2,1,2,1,2,2,2,,3,2,3,2,2,2,,2,,2,,2,,,2,32,75
21,2,1,6,2,,2,2,,,5,6,Guadalajara,39,1,1,,,,,,,,,,,,,1,,,,,,,1,1,1,2,1,1,2,1,1,3,,1,1,1,1,1,,,1,1,2,2,2,3,2,4,2,2,2,2,2,2,2,,,,,,,,,,,1,1,1,1,2,2,1,1,1,1,1,1,1,1,1,2,2,2,2,1,,,2,1,2,1,2,2,2,2,2,,2,33,127
22,2,1,6,1,,1,,5,,2,7,Zapopan,120,,,,,,,,1,,,,,,1,1,,,,,,,3,2,3,3,4,3,4,3,6,3,,2,1,2,3,1,,,2,2,5,2,5,2,1,3,1,2,1,1,2,2,2,,,,,2,2,2,2,3,2,1,1,1,1,1,1,1,1,1,1,1,1,2,1,1,1,2,2,2,1,2,2,2,1,2,2,3,2,,2,2,2,2,34,497
23,1,1,6,4,,1,,1,,1,2,Guadalajara,39,,,1,,,1,,,,1,,,,,,,,,,,,1,2,3,4,4,5,3,2,2,4,,2,1,2,2,1,,,3,3,3,2,3,4,5,3,1,2,1,1,1,1,1,,,3,,2,1,2,1,3,1,1,1,1,1,1,1,1,1,1,1,1,1,1,1,1,1,1,2,2,1,2,2,1,2,2,1,1,2,1,2,2,2,2,35,1328
24,1,1,6,2,,2,2,,,2,7,Zapopan,120,,,,1,,,,,,,,,,,,1,,1,,,,3,2,2,2,4,2,2,3,5,1,,1,1,1,1,1,,,1,1,1,1,1,1,1,4,2,2,2,2,2,2,1,,,3,,2,2,4,2,2,2,2,2,2,1,1,1,1,1,2,1,2,2,2,2,2,2,,,,2,1,2,1,2,,2,,,,,,,1,36,41
25,2,2,5,5,,1,,5,,3,3,Guadalajara,39,,,,,,,,,,1,,,1,,1,,,,,,,2,2,2,3,3,3,2,2,2,3,,2,1,2,2,1,,,2,2,2,2,2,2,2,1,2,2,2,2,2,2,2,,,,,,,,,,,1,1,1,1,1,1,1,1,2,1,1,2,2,2,2,1,1,2,2,2,1,1,1,1,,2,1,,,,,2,2,39,1490
26,1,3,5,5,,2,3,,,3,3,Tlaquepaque,98,,,,,,,,1,,,,,,1,1,,,,,,,2,2,3,2,2,4,2,2,2,2,,2,1,2,1,1,,,2,2,2,2,2,2,2,3,2,2,1,2,2,2,2,,,,,3,2,3,3,3,2,1,1,1,1,1,1,1,1,1,1,1,1,1,1,1,1,2,2,2,1,1,2,2,1,2,2,2,2,1,1,2,1,3,40,535
27,2,2,5,5,,1,,1,,2,6,Zapopan,120,,,,,,,,,,,1,,,1,1,,,,,,,2,2,2,3,3,3,2,2,3,4,,1,1,1,1,1,,,1,2,2,1,1,1,1,1,1,1,1,1,2,1,1,,,3,,1,1,2,2,2,1,1,1,1,1,1,1,1,1,1,1,1,1,1,1,1,1,2,2,2,1,1,2,2,2,2,1,2,2,2,2,1,2,2,41,732
28,1,1,5,4,,1,,1,,3,5,Tequila,94,,,,1,,1,1,,,,,,,,,,,,,,,2,2,3,4,5,3,3,2,3,1,,1,1,1,1,1,,,2,3,3,2,3,3,3,2,1,2,1,1,1,,2,,,,,2,1,3,2,3,2,1,1,1,1,1,1,1,1,1,1,1,1,1,1,1,2,2,2,2,1,2,2,2,2,2,1,1,2,2,2,2,,2,46,1312
29,1,2,5,4,,1,,5,,2,3,Guadalajara,39,,,,,,,1,,,1,,,,,1,,,,,,,2,5,3,4,3,1,1,4,1,1,,1,1,1,2,1,,,1,1,1,1,2,1,1,1,1,1,1,2,2,1,1,,,3,,1,2,3,1,2,2,1,1,1,1,1,1,1,2,1,2,1,2,2,1,2,2,2,2,2,2,2,2,2,,2,,1,,,2,,,2,47,1088
30,1,3,6,3,,1,,5,,2,6,Guadalajara,39,1,,,1,,,,,,,,,,,,,,1,,,,2,2,3,2,3,3,2,2,2,3,,2,1,1,1,1,,,2,1,1,1,1,1,1,2,2,2,2,2,2,2,2,,,,,,,,,,,1,1,1,1,1,1,1,1,1,1,1,1,1,1,1,1,2,2,2,2,2,2,2,2,1,1,1,1,1,1,1,1,2,48,710
31,2,4,5,5,,1,,4,,3,8,Zapopan,120,1,,,,,,,,,,,1,,1,,,,,,,,2,2,2,2,2,2,1,2,5,2,,2,1,2,2,1,,,1,1,2,1,2,2,2,1,2,2,2,2,2,1,2,,,,,2,4,4,4,4,4,1,1,1,1,1,1,1,1,1,1,1,1,1,1,1,1,2,2,2,2,2,2,2,2,2,2,2,2,2,2,2,2,2,52,2599
32,1,3,6,2,,1,,1,,2,5,Bolaños,19,,,,,,,,1,1,,,,1,,,,,,,,,2,2,2,4,4,4,5,2,2,2,,2,1,3,1,1,,,1,3,3,3,4,3,1,4,1,2,1,3,1,1,1,,,3,,2,1,2,1,2,2,1,1,1,1,1,1,1,1,1,1,1,2,2,2,1,1,1,2,2,1,2,2,1,2,2,2,1,,,,1,2,2,53,988
33,1,3,5,5,,2,2,,,3,6,Guadalajara,39,,,1,,,,,,,,,,,,,,,,,,,2,2,2,4,4,4,2,2,4,3,,2,1,1,1,1,,,5,4,4,4,4,4,2,4,1,1,1,1,2,1,1,,,3,,1,1,2,1,2,1,1,1,1,1,1,1,1,2,1,1,1,2,1,2,2,1,2,2,2,2,2,2,1,,2,1,1,,1,,,2,2,58,73
34,1,3,6,2,,1,,1,,2,6,Zapopan,120,,,,,,,,,,,,,,,,1,,,,,,2,2,2,4,2,4,2,2,2,2,,2,1,1,2,1,,,2,3,3,2,3,3,2,2,2,2,1,2,2,2,2,,,,,2,2,2,2,2,1,1,1,1,1,1,1,1,1,1,1,1,1,1,1,1,1,2,2,2,2,2,2,2,2,2,2,2,2,2,2,2,2,2,64,710
35,2,1,5,1,,2,5,,,3,2,Zapopan,120,,,,,,1,,,,,,1,,,,1,,,,,,3,1,3,2,4,2,3,2,2,4,,2,1,1,1,1,,,2,2,3,2,4,4,1,3,1,2,1,1,2,2,1,,,3,,2,1,1,2,3,2,2,2,1,1,1,1,1,1,1,1,1,1,1,1,1,1,,,2,2,2,2,1,1,2,1,2,2,2,,3,2,2,65,1365
36,1,1,6,3,,1,,4,,4,9,Guadalajara,39,,,,1,,,,,,,,1,,,1,,,,,,,2,2,2,3,4,4,2,2,2,4,,2,1,2,2,1,,,2,2,1,2,2,2,3,5,2,2,2,2,2,2,2,,,,,,,,,,,2,,,,1,1,1,2,1,2,2,2,2,2,2,2,,,,,2,2,2,,2,,,,,,,,2,66,9692
37,2,4,5,4,,2,2,,,2,2,Zapopan,120,,,,,,,,,1,,,1,,,1,,,,,,,,,,,,,,,,1,,2,1,2,2,1,,,1,1,1,1,1,1,1,1,1,2,2,1,2,1,2,,,,,2,2,3,1,3,1,1,1,1,1,1,1,1,,1,1,1,,1,,,,2,2,2,2,2,2,2,,2,1,2,,2,,,,2,67,135
38,2,3,5,4,,2,6,,,2,2,Zapopan,120,,,1,,,1,,,,,1,,,,,,,,,,,2,1,3,2,2,3,2,3,2,1,,2,1,2,2,1,,,,,,,,,,,,,,,,,,,,,,,,,,,,,,,,,,,,,,,,,,,,,,,,,,,,,,,,,,,,,71,5864
39,2,3,5,6,,1,,5,,6,4,Zapopan,120,,,,,,,,1,,,,,,1,1,,,,,,,2,2,2,4,4,3,2,2,2,4,,2,1,2,2,1,,,2,2,2,2,2,2,2,2,2,2,1,2,2,2,2,,,,,2,2,2,2,1,3,1,1,1,1,1,1,1,1,1,1,1,1,1,1,1,1,2,2,2,2,2,2,1,2,2,2,2,2,2,2,2,2,2,72,4155
40,1,1,5,3,,1,,1,,5,6,Zapopan,120,,,,,,,,,,,1,,,,1,,,1,,,,1,2,2,2,2,3,2,1,2,4,,1,1,2,2,1,,,1,1,1,1,1,1,1,3,2,2,1,2,2,1,1,,,3,,2,1,,1,3,1,2,2,1,1,1,1,1,1,2,1,1,1,2,1,1,2,,,2,2,2,2,2,1,,,2,2,,2,1,,2,73,1664
41,1,4,5,2,,2,3,,,2,3,San Martín Hidalgo,77,,,,,,,,,,1,,,1,,1,,,,,,,1,1,2,2,3,3,1,2,3,1,,3,1,2,2,1,,,2,2,2,2,2,2,3,1,2,2,2,1,2,2,2,,,,,2,2,3,2,2,3,2,2,2,1,1,1,1,1,2,1,2,1,1,2,2,1,,,,2,2,2,2,2,,2,,2,2,,,1,3,78,404
42,2,4,5,4,,2,4,,,5,2,Guadalajara,39,,,,,,,,,,,,1,,,1,,,,,,,2,2,2,3,2,2,2,2,2,2,,2,1,2,2,1,,,,,,,,,,,,,,,,,,,,,,,,,,,,,,,,,,,,,,,,,,,,,,,,,,,,,,,,,,,,,79,18609
43,1,1,5,5,,1,,6,,5,6,Guadalajara,39,,,1,,,1,,,,,,,,,1,,,,,,,2,2,2,4,2,2,2,2,2,4,,1,1,2,2,1,,,1,1,2,2,2,2,1,1,2,2,2,2,2,2,2,,,,,,,,,,,1,1,1,1,1,1,1,1,1,1,1,2,1,1,1,2,2,1,2,2,2,2,1,2,2,2,2,,2,2,2,,2,80,1664
44,2,3,5,5,,1,,5,,3,5,Guadalajara,39,,,,,,,,1,,1,,,,,1,,,,,,,2,2,2,3,2,3,2,2,2,1,,2,1,2,2,1,,,2,2,2,2,2,2,2,2,1,2,2,2,2,1,1,,,3,,2,2,4,2,3,2,1,1,1,1,1,1,1,1,1,1,1,2,1,1,1,1,1,2,2,1,2,2,1,2,2,1,3,,2,2,2,2,1,82,1352
45,1,4,5,4,,2,2,,,6,4,Puerto Vallarta,67,,,,1,,,,,,,,,,,1,,,1,,,,1,2,1,4,4,5,2,2,5,1,,2,2,2,1,1,,,1,1,2,2,2,2,1,4,2,2,1,1,2,1,1,,,3,,2,1,2,2,2,1,1,1,2,1,1,1,1,2,1,2,1,2,2,2,2,2,2,2,,1,2,2,1,,1,,1,,,,,,3,84,290
46,2,2,5,3,,1,,1,,3,4,Villa Guerrero,115,,,,,,,,1,,1,,,,,,,,1,,,,2,2,3,2,3,2,2,3,3,4,,3,1,2,2,1,,,2,2,3,3,3,2,2,3,2,2,2,2,1,2,2,,,,,2,2,2,2,3,1,1,1,1,1,1,1,1,1,1,1,1,2,1,1,1,1,2,2,2,1,2,2,1,2,2,1,1,,1,1,1,1,1,87,1767
47,2,2,5,5,,2,2,,,5,4,Guadalajara,39,1,,,,,,,,,1,,,,,,1,,,,,,2,2,2,4,2,4,3,4,3,1,,2,1,2,2,1,,,,,,,,,,,,,,,,,,,,,,,,,,,,,,,,,,,,,,,,,,,,,,,,,,,,,,,,,,,,,88,226
48,1,1,5,5,,1,,5,,5,6,Guadalajara,39,,,,,,,1,,,,,,,,1,,,1,,,,2,2,3,4,4,3,3,2,3,2,,1,1,2,2,1,,,,3,4,2,3,4,2,1,1,2,2,1,2,2,2,,,,,1,1,2,2,2,1,1,1,1,1,1,1,1,1,2,2,2,2,2,2,2,2,2,2,2,1,2,2,2,1,,,,,,,,,2,90,1664
49,1,1,5,6,,2,2,,,5,3,Zapopan,120,,,,,,1,,,,,,,1,,1,,,,,,,1,1,1,4,3,6,2,2,2,4,,1,1,1,1,1,,,2,4,4,4,4,4,4,4,1,2,1,1,2,1,1,,,3,,1,1,3,1,3,1,1,1,1,2,1,1,1,1,1,1,1,1,1,1,1,1,2,2,2,,1,2,1,1,2,1,2,2,2,2,2,2,2,91,186
50,2,1,5,4,,1,,1,,4,3,Zapopan,120,,,1,,,,,1,,,1,,,,,,,,,,,3,1,2,3,2,4,3,2,2,4,,2,1,1,1,1,,,1,2,3,2,3,4,2,1,2,2,1,1,2,2,2,,,,,2,3,3,2,2,3,1,1,1,1,1,1,1,1,1,1,1,1,1,1,1,1,2,1,2,1,2,2,1,1,2,1,1,2,1,1,1,2,2,92,1980
51,1,2,5,3,,2,2,,,2,4,Guadalajara,39,,,1,,,,,,,,,,,,,,,,,,,1,2,3,4,2,2,3,2,2,4,,2,1,2,2,1,,,1,1,4,1,4,3,1,1,2,2,1,2,2,1,2,,,,,1,1,3,1,3,3,1,1,1,1,1,1,1,1,1,1,1,1,1,1,1,1,1,1,2,1,2,2,1,2,2,1,1,2,2,2,2,2,2,93,98
52,2,3,5,5,,2,2,,,4,2,Zapopan,120,,,,,,,,1,,,,,,,1,1,,,,,,2,1,2,3,2,5,2,1,2,3,,1,1,2,2,1,,,2,2,2,2,2,2,1,1,1,2,1,2,2,2,2,,,,,4,2,2,4,4,4,1,1,2,1,1,1,1,2,2,2,2,2,2,1,1,2,2,2,,2,2,2,2,,,,,,,2,2,,2,99,232
53,2,4,5,,,1,,5,,2,7,Chapala,30,,,,1,,,,,1,,,,,,,,,,,,,2,1,2,3,2,3,2,3,2,2,,2,1,,,1,,,2,2,,1,2,,2,1,1,1,,,1,,1,,,,,,,,,,,1,1,1,1,1,1,1,1,1,1,1,1,1,1,1,1,,,,,,,,,,,,,,,,,2,100,497
54,1,4,5,5,,2,3,,,2,4,Zapopan,120,,1,,1,,,,,,,,,,,1,,,,,,,3,2,4,4,3,2,2,4,2,4,,1,1,2,2,1,,,1,1,2,2,2,2,2,3,2,2,1,2,2,2,2,,,,,3,2,3,2,3,1,1,1,1,1,1,1,1,1,1,1,1,1,1,1,1,1,2,2,2,2,2,2,1,2,2,2,2,2,2,2,2,2,1,102,478
55,2,1,5,4,,1,,1,,6,5,Guadalajara,39,,,,,,,,,,,,,,,1,1,,,,,,1,2,3,3,4,3,3,2,2,4,,1,1,2,2,1,,,1,1,2,1,1,2,1,2,1,2,1,2,1,2,2,,,,,2,1,3,1,2,1,2,2,2,1,1,1,1,2,1,1,1,2,2,2,1,2,,,,2,2,2,1,,2,2,2,,,,2,,3,103,3177
56,1,3,5,5,,1,,4,,2,4,Colotlán,25,,,,,,,,1,,1,,,,,1,,,,,,,2,2,3,4,2,2,2,4,3,1,,2,1,1,2,1,,,1,2,3,1,2,2,2,2,2,1,2,2,2,2,2,,,,,2,2,3,2,2,2,1,1,1,1,1,1,1,1,1,1,1,1,1,1,1,1,2,2,2,1,2,1,1,2,1,1,2,1,1,2,2,2,3,104,1290
57,2,3,6,3,,1,,1,,4,5,Guadalajara,39,,,,,,,,,,,1,,,,,,,,,,,2,1,2,3,2,3,2,3,2,1,,1,1,1,1,1,,,1,1,1,1,1,1,1,1,1,2,1,2,2,1,1,,,3,,3,1,3,1,3,1,1,1,1,1,1,1,1,1,1,1,1,1,1,1,1,1,2,2,2,1,2,2,2,1,1,1,1,2,2,2,2,2,1,105,1797
58,2,1,6,2,,2,2,,,3,7,Zapopan,120,,,,,,,,,,,,,,,1,,,,,,,2,1,1,3,6,2,1,1,6,2,,2,1,1,1,1,,,1,1,2,1,3,5,1,3,2,2,1,2,2,2,2,,,,,3,1,2,1,3,1,1,1,1,1,1,1,1,1,1,1,1,1,1,1,1,1,2,2,2,1,2,2,1,1,2,1,2,2,2,1,2,2,2,106,53
59,1,3,5,5,,1,,1,,4,9,Guadalajara,39,,,,,,,,,,,,,,,1,1,,1,,,,2,2,3,4,3,4,3,2,2,2,,1,1,2,1,1,,,,,,,,,,,,,,,,,,,,,,,,,,,,,,,,,,,,,,,,,,,,,,,,,,,,,,,,,,,,,107,9692
60,2,3,5,3,,1,,1,,5,5,Tlaquepaque,98,,,1,,,,,,,,,,,,1,1,,,,,,2,2,2,3,2,2,2,2,2,4,,3,1,2,2,1,,,2,2,2,2,3,2,2,2,2,2,2,2,2,2,2,,,,,,,,,,,1,1,1,1,1,1,1,1,1,1,1,1,1,1,1,1,2,2,2,2,2,3,1,2,2,2,2,2,2,2,2,2,2,108,2389
61,2,3,5,5,,2,2,,,4,3,Guadalajara,39,1,,,,,,,,,,,,,1,1,,,,,,,4,3,2,4,4,3,1,1,2,1,,2,1,2,2,1,,,2,2,2,2,2,2,2,2,2,2,2,2,2,2,2,,,,,,,,,,,1,1,1,1,1,1,1,1,1,1,1,1,1,1,1,1,2,2,2,2,2,2,2,2,2,2,2,2,2,2,2,2,2,109,146
62,1,3,5,4,,2,2,,,2,2,Guadalajara,39,1,,,,,,,,1,,,,,1,,,,,,,,2,2,2,3,2,3,3,3,2,3,,3,1,2,2,1,,,2,2,3,2,3,3,2,3,1,2,1,2,2,2,1,,,3,,1,1,1,2,1,1,1,1,1,1,1,1,1,1,1,1,1,1,1,1,1,1,2,2,2,2,2,2,1,2,2,1,2,2,2,2,2,2,2,113,131
63,2,1,5,4,,1,,1,,3,6,Guadalajara,39,,,,,,1,,,,1,,,,,1,,,,,,,1,2,2,3,2,4,2,2,2,1,,2,1,1,2,1,,,1,1,2,2,2,2,2,3,2,2,2,2,3,2,2,,,,,,,,,,,2,2,2,1,1,1,1,2,1,1,2,2,2,2,2,2,,,,2,2,2,2,,2,2,,,,,,,3,116,971
64,1,3,5,4,,2,2,,,2,3,Tlaquepaque,98,,,,1,,,,,,,,,,,1,,,,,,,4,2,3,4,4,4,4,4,4,4,,4,2,2,2,2,1,,1,2,2,2,2,2,2,4,2,2,2,2,2,2,2,,,,,,,,,,,1,1,1,1,1,1,1,1,1,1,1,1,1,,1,1,2,2,2,2,2,2,2,2,2,2,2,2,2,,2,2,2,117,83
65,2,3,6,3,,1,,1,,1,6,El Salto,70,1,,,,,,,,,,,,1,,,1,,,,,,2,2,4,3,4,3,2,3,5,3,,1,1,2,1,1,,,2,2,3,3,3,3,2,3,1,2,2,1,2,2,2,,,,,1,1,1,2,2,1,1,1,2,1,1,1,1,1,1,1,1,2,1,1,1,1,2,2,,1,2,2,1,1,1,1,1,,1,1,1,2,2,122,552
66,2,4,5,4,,2,3,,,4,1,Guadalajara,39,,,1,,,,,,,,,,,,,,,,,,,2,3,4,3,2,3,2,3,2,4,,4,1,2,2,1,,,2,2,4,2,2,4,2,2,2,2,2,2,2,,2,,,,,,,,,,,1,1,2,1,1,1,1,2,2,2,2,2,2,2,2,2,2,2,,2,2,2,1,,,,,,,,,,3,124,2083
67,2,3,6,4,,2,6,,,1,9,Zapopan,120,,,,,,1,,1,,1,,,,,,,,,,,,1,2,1,2,2,2,1,1,1,1,,1,1,2,2,1,,,1,2,1,1,1,1,1,1,2,2,2,1,2,1,2,,,,,3,1,2,2,3,1,1,1,1,1,1,1,1,1,1,1,1,1,1,1,1,1,2,2,2,2,2,2,2,2,2,2,2,2,2,2,2,2,2,128,13696
68,1,3,5,5,,2,2,,,3,3,Guadalajara,39,,,,1,,,,,,,,,,,,1,,,,,,1,1,2,2,2,2,1,2,1,1,,2,1,2,2,1,,,2,2,5,2,5,5,5,2,2,2,2,2,2,2,2,,,,,,,,,,,2,2,2,2,2,2,1,2,2,2,2,2,2,2,2,2,,,,,,,2,,,,,,,,,,3,129,108
69,1,1,5,5,,1,,1,,2,5,Guadalajara,39,1,,,,,,1,,,,,,,,,,,1,,,,1,2,3,3,4,2,1,2,1,4,,2,1,2,2,1,,,1,3,3,2,3,4,2,3,2,2,1,1,2,2,1,,,3,,2,1,2,2,3,2,1,1,1,1,1,1,1,1,2,1,1,2,1,1,2,1,2,2,2,2,1,1,2,1,,2,2,,2,2,,2,2,135,988
70,1,3,5,3,,1,,5,,2,4,Guadalajara,39,,,,,,,,,,,,,,,1,,,,,,,2,2,3,3,3,4,4,3,3,4,,1,1,2,2,1,,,2,3,3,2,3,3,2,1,2,2,1,2,2,2,1,,,3,,2,2,2,,2,1,1,1,1,1,1,1,1,2,1,1,1,2,1,2,2,1,2,2,2,1,2,2,1,,2,2,2,,2,,,2,2,136,1290
71,1,4,6,2,,1,,7,Jubilado ,2,5,Colotlán,25,,,,1,,,,,,,,1,,,,,,,,,,3,2,2,3,5,4,2,2,2,1,,1,1,2,2,1,,,2,2,3,2,2,5,2,3,2,2,2,1,2,2,2,,,,,,,3,,3,2,1,1,1,1,1,1,1,2,1,1,1,2,1,1,1,2,2,2,2,1,2,2,2,,1,1,1,,1,1,1,,1,137,988
72,1,1,6,2,,1,,1,,3,5,Guadalajara,39,1,,,,,1,,,,,,,,,1,,,,,,,2,1,1,3,2,3,1,1,2,3,,1,1,2,2,1,,,1,1,1,1,1,2,1,4,2,2,1,2,2,1,2,,,,,3,2,2,1,3,2,1,1,1,1,1,1,1,1,1,1,1,1,1,1,1,1,2,2,2,1,2,2,1,1,2,2,2,2,2,1,2,2,2,146,1312
73,2,1,5,1,,1,,3,,5,2,Ocotlán,63,,,1,,,,,,,,1,,,,1,,,,,,,2,2,3,4,4,4,4,3,3,3,,4,1,2,2,1,,,,,,,,,,,,,,,,,,,,,,,,,,,,,,,,,,,,,,,,,,,,,,,,,,,,,,,,,,,,,148,4278
74,2,1,5,6,,2,2,,,4,9,Tlaquepaque,98,1,,,1,,,,,,,,,,,1,,,,,,,3,3,3,3,2,3,3,2,2,1,,3,1,2,2,2,3,,1,2,2,2,3,3,3,1,1,2,1,1,2,1,1,,,3,,3,1,3,1,3,1,1,1,1,1,1,1,1,1,1,1,1,1,1,1,1,1,1,2,2,1,2,3,1,2,1,1,1,2,1,1,1,2,2,150,706
75,2,3,5,5,,1,,4,,1,7,Tlaquepaque,98,,,1,,,,,,,,,,,,,,,,,,,2,2,2,4,4,4,2,3,2,3,,1,1,1,1,1,,,1,1,1,1,1,1,1,1,1,1,1,1,1,1,1,,,3,,3,1,1,1,3,1,1,1,1,1,1,1,1,1,1,1,1,1,1,1,1,1,1,2,2,1,1,1,1,1,1,1,1,1,1,1,1,1,2,153,375
76,1,1,5,5,,1,,1,,4,7,Guadalajara,39,1,1,,1,,,,,,,,,,,,,,,,,,2,2,4,3,2,3,2,3,3,4,,2,1,2,2,1,,,1,1,2,1,3,2,5,3,2,2,2,2,2,2,2,,,,,,,,,,,2,1,1,1,1,1,1,1,1,1,1,1,2,1,1,2,,2,2,2,2,2,2,1,2,2,2,2,,1,2,,3,155,848
77,2,1,5,5,,2,2,,,2,6,Zapopan,120,,,,1,,,,,,,,,1,,1,,,,,,,3,2,2,3,4,4,4,2,3,4,,1,1,2,2,2,7,,2,3,3,2,2,2,2,3,2,2,1,2,2,1,1,,,3,,1,1,1,1,3,2,2,2,1,1,1,1,1,2,2,1,1,2,1,1,1,1,,,2,2,2,2,2,,,1,3,,2,2,2,2,2,156,58
78,2,3,5,1,,1,,5,,4,4,Tlajomulco de Zúñiga,97,,,,,1,,,,,1,,,,,1,,,,,,,3,3,2,3,3,3,3,2,3,3,,1,1,2,1,1,,,2,1,2,1,2,2,2,1,1,2,1,1,1,2,2,,,,,2,2,2,2,4,1,1,1,1,1,1,1,1,1,1,1,1,1,1,1,1,1,1,2,1,2,1,2,1,1,2,2,2,2,1,2,2,2,1,158,2349
79,1,1,5,4,,2,5,,,4,4,Chapala,30,,,,1,,,,,,,,,,1,,,,1,,,,1,1,2,3,3,3,2,2,2,3,,2,1,1,2,1,,,1,1,1,1,1,1,1,2,2,2,2,2,1,2,2,,,,,2,2,3,1,2,1,1,1,1,1,1,1,1,1,1,1,1,1,1,1,1,1,2,2,2,1,2,2,1,1,2,2,3,2,2,2,2,2,1,161,1287
80,2,2,5,4,,1,,5,,3,4,Zapopan,120,,,,,,,,,,1,,,,1,1,,,,,,,1,2,1,4,2,2,2,3,3,4,,2,1,2,2,1,,,1,1,1,1,1,1,1,1,2,2,1,2,1,2,2,,,,,1,3,4,4,3,1,1,1,1,1,1,1,1,1,1,1,1,1,,2,1,1,1,2,2,1,2,2,1,1,1,1,2,2,,,2,2,2,162,1767
81,1,1,5,4,,1,,1,,6,3,Tlajomulco de Zúñiga,97,,,,1,,,,,1,,,,,,1,,,,,,,2,2,3,4,4,4,4,4,3,1,,1,1,1,1,1,,,2,3,4,3,3,5,3,3,1,2,1,1,2,1,2,,,,,2,1,2,1,2,2,1,1,1,1,1,1,1,1,1,1,1,1,1,1,1,1,2,2,1,1,1,2,1,1,2,1,1,2,1,1,1,2,2,163,3398
82,2,1,5,5,,2,2,,,7,3,Guadalajara,39,,,,,,,,,,,,,,1,1,1,,,,,,1,1,1,2,2,1,2,1,1,4,,1,1,1,2,1,,,1,1,1,1,1,1,1,1,2,1,2,1,2,2,2,,,,,3,2,2,1,3,2,1,2,2,1,1,2,1,1,2,2,2,1,2,2,2,1,2,,,2,1,,2,1,,,,2,,,,2,1,164,333
83,1,1,5,5,,1,,1,,3,8,Tlajomulco de Zúñiga,97,,1,,1,,,,,,,,,,,1,,,,,,,2,2,2,3,3,3,2,3,2,2,,1,1,2,2,2,7,,2,2,2,2,3,3,2,4,1,2,1,1,2,2,2,,,,,2,2,2,2,3,2,1,1,1,1,1,1,1,1,2,1,1,1,1,1,1,1,2,2,2,1,2,2,1,1,,1,2,2,2,1,2,2,1,167,2522
84,2,1,5,4,,1,,1,,6,6,Zapopan,120,1,,,,,,,,,,,,1,,1,,,,,,,3,2,1,4,2,2,1,2,2,3,,1,1,1,1,1,,,2,3,3,2,3,3,2,4,1,2,1,1,2,2,1,,,3,,2,1,2,2,3,1,1,1,1,1,1,1,1,1,1,1,1,1,1,1,1,1,1,2,2,1,2,2,1,2,2,2,2,2,1,1,2,2,2,169,2280
85,2,4,5,,,1,,5,,1,9,Zapopan,120,,,,,,,,,,,,,,,,,,,,1,,3,,3,3,2,5,,1,5,1,,4,1,2,2,1,,,1,1,1,1,1,1,1,1,2,2,2,2,2,2,2,,,,,,,,,,,2,2,2,1,1,1,2,1,2,1,2,1,2,2,2,2,,,,,,,,,,,,,,,,,1,171,4241
86,1,3,5,6,,2,2,,,4,5,Sayula,82,,,1,,,,,,,,,,1,,1,,,,,,,2,2,3,3,3,4,4,4,3,4,,3,1,2,2,1,,,2,1,3,3,3,3,3,1,2,2,2,2,2,2,2,,,,,,,,,,,1,1,1,1,1,1,1,1,1,1,1,2,2,1,1,1,2,2,2,2,2,2,2,2,2,2,2,,,2,2,2,2,174,129
87,1,1,5,1,,2,2,,,4,6,Chapala,30,1,,1,,,,,,,,,,,,1,,,,,,,2,2,2,3,3,3,2,3,2,5,,3,1,2,2,2,6,,1,3,2,2,2,3,2,1,1,2,2,2,2,2,2,,,,,1,1,3,1,3,1,1,2,2,1,1,1,1,1,2,1,2,2,2,2,2,2,3,,,1,2,2,1,2,,1,,,,,,,2,176,95
88,2,3,6,2,,1,,1,,4,3,Zapotlán el Grande,23,1,,,,,,,,,,,,,,1,,,1,,,,1,1,2,3,3,3,2,1,2,4,,2,1,1,1,1,,,1,1,1,1,1,1,1,2,2,2,2,2,2,2,2,,,,,,,,,,,1,1,1,1,1,1,1,2,2,1,2,1,2,2,2,2,2,2,2,2,2,2,2,,,2,,2,,,,,2,178,1980
89,1,1,5,4,,1,,1,,4,7,Puerto Vallarta,67,,,,1,,,,,,,,1,,,1,,,,,,,2,2,1,2,3,2,3,2,3,4,,2,1,1,1,1,,,1,1,1,2,1,1,1,3,1,2,2,2,2,1,2,,,,,3,1,2,1,3,2,1,1,1,1,1,1,1,1,1,1,1,1,1,1,1,1,2,2,2,2,1,2,2,1,2,2,2,2,2,2,2,2,1,183,848
90,2,1,5,4,,2,2,,,4,2,Ameca,6,,,,,,,,,,,,,,,,,,,,,,,,,,,,,,,,,,,,,,,,,,,,,,,,,,,,,,,,,,,,,,,,,,,,,,,,,,,,,,,,,,,,,,,,,,,,,,,,,,184,232
91,1,3,5,5,,1,,5,,3,5,Zapopan,120,,,,1,,,,,,,,1,,,1,,,,,,,3,2,2,3,6,2,1,6,2,4,,1,1,1,1,1,,,1,1,1,1,1,1,1,3,1,2,2,1,2,1,2,,,,,1,1,2,1,2,2,1,1,1,1,1,1,1,1,1,1,1,1,1,1,1,1,2,2,2,1,2,2,1,1,2,1,1,2,2,2,2,2,2,187,1312
92,2,1,5,4,,1,,1,,2,5,Zapopan,120,,,,1,,,,,,,,,,,1,,,,,,,2,2,3,4,2,4,2,2,3,1,,2,1,2,2,1,,,2,3,3,1,3,2,1,3,1,2,2,1,2,1,2,,,,,1,1,2,1,3,1,1,2,1,1,2,1,1,2,1,1,1,2,2,1,1,1,2,,2,1,,2,1,,2,2,2,,,1,1,2,2,188,1018
93,1,3,5,6,,1,,1,,3,2,Bolaños,19,1,,,,,,,,,,,,,,1,,,,1,,,1,2,2,2,3,3,2,3,3,4,,1,1,1,1,1,,,3,2,2,1,2,2,1,3,2,2,1,,,,2,,,,,2,2,2,2,2,2,1,1,1,1,1,1,1,1,1,1,1,1,1,1,1,1,2,2,2,2,2,2,1,1,2,1,1,2,1,1,2,2,1,189,2347
94,2,1,5,4,,1,,1,,2,4,Guadalajara,39,1,,,,,,,,,,,,,,1,,,,,,,2,2,2,3,2,3,1,2,2,3,,1,1,1,1,1,,,1,1,1,1,1,1,1,3,1,1,2,1,1,2,2,,,,,3,1,2,1,3,1,1,1,1,1,1,1,1,1,1,1,1,1,1,1,1,1,2,2,2,1,1,2,1,1,2,2,2,2,2,2,2,2,2,190,1330
95,1,2,6,5,,1,,1,,5,7,Guadalajara,39,1,,,,,,,,,1,,,,,1,,,,,,,3,2,2,3,2,2,2,4,2,3,,2,1,2,2,1,,,1,3,3,1,2,3,2,1,1,2,2,1,1,2,2,,,,,1,1,2,1,3,2,1,1,1,1,1,1,1,1,1,1,1,1,1,1,1,1,2,2,2,1,2,2,1,2,2,1,1,2,2,1,1,2,2,191,1126
96,1,3,6,2,,1,,4,,5,6,Zapopan,120,,,,,,,,,,,,,,,1,,,,,,,3,2,3,3,2,3,1,3,3,4,,2,1,2,2,1,,,2,2,2,2,3,3,2,4,1,2,2,2,2,1,2,,,,,1,2,1,2,3,3,1,1,1,1,1,1,1,1,1,1,1,2,1,2,2,2,2,2,2,2,2,2,1,2,2,1,1,,2,,,,2,193,1664
97,2,3,5,5,,1,,5,,5,2,Zapopan,120,,1,,,,,,,,,,,,,1,,,1,,,,3,2,2,4,4,3,4,2,5,4,,1,1,2,2,1,,,2,4,2,1,3,2,1,1,2,2,2,1,2,2,2,,,,,1,2,2,1,3,1,1,1,1,1,1,1,1,1,1,1,1,1,1,1,1,1,2,2,2,2,2,2,2,2,2,2,2,2,2,2,2,2,2,196,4278
98,1,1,5,4,,2,2,,,3,5,Zapotiltic,121,,,,,,,,,,,,,,,,,,,,,,,,,,,,,,,,,,,,,,,,,,,,,,,,,,,,,,,,,,,,,,,,,,,,,,,,,,,,,,,,,,,,,,,,,,,,,,,,,,197,99
99,1,1,6,4,,2,2,,,3,3,El Limón,54,,,,,,,,,,1,,,,,1,1,,,,,,3,2,2,3,3,3,2,4,4,3,,3,1,2,2,1,,,2,2,2,2,2,2,2,2,2,2,2,2,1,1,2,,,,,3,2,2,2,2,2,2,1,1,1,1,1,1,1,1,1,1,1,1,1,1,1,,2,2,2,2,2,1,2,2,1,2,2,2,2,2,1,2,198,108
100,2,1,5,4,,1,,1,,4,4,El Limón,54,,,,,,,,,,1,,,,,,1,,,1,,,2,2,2,2,3,2,2,3,4,1,,2,1,1,1,1,,,1,1,1,1,1,1,1,1,1,1,2,1,1,1,2,,,,,3,1,3,1,3,1,1,1,1,1,1,1,1,1,1,1,1,1,1,1,1,1,2,2,2,1,2,2,1,1,2,1,,1,1,1,1,2,1,199,2349
101,1,2,5,4,,2,2,,,5,5,Zapotlán del Rey,123,,,,1,,1,,,,,,1,,,,,,,,,,2,2,2,4,3,2,2,3,3,1,,2,1,2,2,1,,,2,2,2,2,2,2,2,2,1,1,1,1,1,1,2,,,,,2,1,2,2,3,1,1,1,1,1,1,1,1,1,1,1,1,1,1,1,1,1,2,2,1,1,1,2,1,1,1,1,1,1,1,1,2,1,2,200,170
102,1,1,5,3,,1,,4,,4,4,Tecolotlán,88,,,,1,,,,,,1,,1,,,,,,,,,,2,2,2,2,2,3,3,3,3,4,,1,1,1,1,1,,,1,1,1,1,1,1,1,3,1,1,1,1,1,1,2,,,,,2,1,2,2,2,2,1,1,1,1,1,1,1,1,1,1,1,1,1,1,1,1,2,2,2,2,2,2,1,1,1,1,1,1,1,1,1,2,1,204,2280
103,1,3,6,4,,2,2,,,3,3,Tuxpan,108,,,,1,,1,,,,,,,,,,,,,,,,2,1,3,3,2,3,3,3,3,1,,1,1,1,1,1,,,2,2,2,2,,2,2,4,1,2,1,1,1,1,2,,,,,2,1,2,2,2,2,1,1,1,1,1,1,1,1,1,1,1,1,1,1,1,1,2,2,,1,2,2,,1,1,,1,,2,1,1,2,3,205,108
104,2,2,6,3,,1,,5,,3,7,Guadalajara,39,1,,,,,,,1,,,1,,,,,,,,,,,2,2,3,4,4,4,2,4,2,4,,3,1,2,2,1,,,2,3,4,4,4,4,2,1,2,2,2,1,2,2,2,,,,,1,1,1,2,2,1,1,1,1,1,1,1,1,1,1,1,1,1,1,1,1,2,2,,,2,2,2,1,1,1,2,,,1,2,2,,2,206,658
105,2,1,5,4,,2,2,,,5,3,,,,,,1,,,,,,1,,,,,,,,,1,,,3,2,2,2,3,4,2,4,4,1,,2,1,1,1,1,,,1,1,1,1,1,1,1,1,2,2,2,2,2,2,2,,,,,,,,,,,1,1,1,1,1,1,1,1,1,1,1,1,1,1,1,1,2,2,2,1,2,2,1,1,2,1,1,2,2,2,1,2,3,207,192
106,2,1,5,5,,2,2,,,6,3,Autlán de Navarro,15,,,,,,,,1,,1,,,,,,1,,,,,,1,1,3,4,2,2,4,4,4,5,,2,2,2,2,1,,,2,4,4,4,4,4,4,3,2,2,2,1,2,2,2,,,,,3,2,2,2,1,1,1,1,1,1,1,1,1,1,1,1,1,1,1,1,1,1,2,2,2,2,2,2,1,2,2,2,1,2,2,2,2,2,2,209,252
107,1,2,5,5,,1,,1,,2,3,Zapopan,120,,,,1,,,,,,,,,,1,1,,,,,,,1,1,1,3,2,4,2,4,2,4,,2,1,1,1,1,,,1,1,1,1,1,1,1,3,1,2,2,2,1,1,2,,,,,3,2,3,1,3,1,1,1,1,1,,1,1,1,1,1,1,1,1,1,1,1,2,2,2,2,,2,1,1,2,2,2,2,2,1,2,2,1,210,1088
108,2,1,6,2,,1,,1,,1,6,Zapopan,120,,,,,,1,,,,,,,,,,,,,,,,2,2,4,2,2,2,2,2,2,3,,2,1,2,2,1,,,2,2,2,2,2,2,2,3,2,2,2,1,2,2,1,,,3,,2,1,2,2,3,1,1,1,1,1,1,1,1,1,1,1,1,2,2,1,1,1,1,2,2,2,2,2,2,2,2,2,2,,,1,2,2,1,211,552
109,2,1,5,4,,1,,1,,3,3,Zapotlán del Rey,123,,,,1,,,,,,1,,,,,1,,,,,,,1,1,3,4,3,1,2,2,3,4,,2,1,1,1,1,,,1,1,1,1,1,1,1,3,1,2,2,1,2,1,2,,,,,3,1,3,1,3,1,2,1,1,1,1,1,1,1,1,1,1,1,1,1,1,1,,3,2,1,2,2,1,2,2,1,1,1,1,2,1,2,1,212,1490
110,1,1,5,5,,2,2,,,6,6,Encarnación de Díaz,35,,,,,,,,,,,,,,,,,,,,,,,,,,,,,,,,,,,,,,,,,,,,,,,,,,,,,,,,,,,,,,,,,,,,,,,,,,,,,,,,,,,,,,,,,,,,,,,,,,214,162
111,2,1,5,4,,1,,1,,4,5,Sayula,82,1,,,,,,,,,,,,,,1,,,,1,,,3,2,3,4,2,3,3,2,2,4,,2,1,1,1,1,,,2,2,2,2,2,2,2,2,2,1,2,1,2,2,2,,,,,2,2,2,2,2,2,1,1,1,1,1,1,1,1,1,1,1,1,1,1,1,1,2,2,2,2,2,2,2,1,2,2,2,2,2,2,2,2,3,215,1797
112,1,1,5,4,,1,,5,,6,2,Ayutla,15,,,,1,,,,,,,,,,,,,,,,,,3,2,2,2,5,5,2,3,5,5,,3,1,2,2,1,,,2,2,2,2,2,2,2,2,2,2,2,2,1,1,2,,,,,2,2,3,2,2,2,1,1,1,1,1,1,1,1,1,1,1,1,1,1,1,1,2,2,2,2,1,1,1,2,2,2,1,2,2,2,1,2,2,217,5522
113,1,1,6,2,,1,,4,,3,6,Techaluta de Montenegro,89,,,,1,,1,,,,,,,,,,,,,1,,,2,2,2,2,3,3,2,3,3,3,,2,1,1,1,1,,,2,2,2,2,2,2,2,3,2,2,2,1,2,1,2,,,,,3,3,2,2,2,2,1,1,1,1,1,1,1,1,1,1,1,1,1,1,1,1,2,2,2,1,2,2,2,1,2,1,1,2,1,1,1,1,1,220,943
114,2,1,5,4,,1,,1,,3,4,Zapotlán del Rey,123,,,,1,,,,,,1,,,,1,,,,,,,,1,2,2,3,3,5,1,4,5,4,,2,1,1,1,1,,,1,1,1,1,1,1,1,1,1,1,2,2,1,1,2,,,,,3,1,3,1,3,1,1,1,1,1,1,1,1,1,1,1,1,1,1,1,1,1,1,2,2,1,2,2,2,2,1,1,1,1,2,2,2,2,1,222,1767
115,2,1,6,2,,2,2,,,5,4,Tuxpan,108,,,,,,,,,,,,,,,,,,,,,,,,,,,,,,,,,,,,,,,,,,,,,,,,,,,,,,,,,,,,,,,,,,,,,,,,,,,,,,,,,,,,,,,,,,,,,,,,,,223,226
116,1,1,5,4,,1,,1,,5,4,Tonila,103,,,,,,,,,,1,,,,1,1,,,,,,,2,2,3,3,2,2,2,,2,1,,2,1,1,1,1,,,2,2,2,2,2,2,2,4,2,2,1,1,1,1,2,,,,,2,1,3,1,3,1,,1,1,1,1,1,1,1,1,1,1,1,1,1,1,1,,2,2,1,2,2,1,1,2,1,2,2,2,1,2,2,1,225,3031
117,2,2,5,6,,2,2,,,1,4,San Gabriel,113,,,,,1,,,,,,,,,1,,,,,1,,,2,1,2,2,2,2,2,3,3,4,,1,1,1,1,1,,,1,1,1,1,1,1,1,2,1,2,2,1,1,1,2,,,,,2,2,3,1,3,1,1,1,1,1,1,1,1,1,1,1,1,1,1,1,1,1,2,2,2,2,2,2,2,2,2,2,2,2,2,1,1,2,1,227,77
118,2,1,6,2,,1,,1,,4,5,Tonila,103,,,,,,,1,,,,,,1,,,,,,,,,2,2,3,3,2,2,2,3,3,4,,1,1,1,1,1,,,1,1,2,1,1,1,1,1,1,1,2,1,1,1,2,,,,,2,2,3,1,2,1,1,1,1,1,1,1,1,1,1,1,1,1,1,1,1,1,1,2,1,1,1,1,1,1,1,1,1,1,1,1,1,1,1,228,1797
119,1,3,6,2,,1,,7,Jubilado y participó en la asociación vecinal ,3,7,Tlajomulco de Zúñiga,97,,,,1,1,,,,,,,,,,1,,,,,,,2,1,2,1,3,3,2,2,3,3,,2,1,1,1,1,,,1,2,2,2,2,2,2,2,1,2,2,2,2,1,2,,,,,3,1,1,1,3,1,1,1,1,1,1,1,1,1,1,1,1,1,1,1,1,1,2,2,2,2,2,2,2,1,2,1,2,1,1,2,1,2,1,231,639
120,1,2,5,4,,1,,1,,6,4,Zapotlán el Grande,23,,,,1,,,,,,,,1,,,,,,1,,,,2,2,3,2,3,3,3,4,3,4,,1,1,1,1,1,,,1,2,3,2,3,3,3,3,2,2,2,1,1,1,2,,,,,1,1,1,2,2,1,2,2,1,1,1,1,1,1,1,1,1,2,1,1,1,1,,,2,1,2,2,1,1,1,1,1,,1,1,1,2,2,232,4032
121,2,1,5,4,,1,,1,,3,2,Amacueca,4,,,,,,,,1,,1,,,,,,,,,1,,,3,4,3,2,6,5,2,3,2,3,,2,1,1,1,1,,,1,2,2,1,5,5,2,2,1,2,2,2,2,2,2,,,,,2,2,2,1,3,1,1,1,,1,,,,1,,,,,,,,,,,,,,,,1,,,,,,,,,,233,2418
122,1,2,6,6,,1,,5,,4,2,Zapotlán del Rey,123,,,1,,,,1,,1,,,,,,,,,,,,,2,2,2,2,3,5,2,2,2,1,,3,1,1,1,1,,,1,1,2,2,2,2,2,2,1,2,2,1,2,1,2,,,,,1,1,1,1,1,1,1,1,1,1,1,1,1,1,1,1,1,1,1,1,1,1,1,1,2,1,1,1,1,1,1,1,1,1,1,1,1,2,1,235,3121
123,1,1,6,6,,1,,4,,4,5,Zapotlán el Grande,23,,,1,,,,,,,,1,,,,,,1,,,,,2,2,2,2,3,3,3,2,3,1,,2,1,2,2,1,,,2,2,4,4,3,3,3,2,1,2,1,1,2,1,2,,,,,4,2,1,1,2,2,1,1,1,1,1,1,1,1,1,1,1,1,1,1,1,1,1,2,2,1,1,2,2,1,2,2,2,2,2,1,2,2,2,236,1744
124,2,3,5,4,,1,,5,,3,7,Tecalitlán,87,,,,,,,,1,,1,,,,1,,,,,,,,2,2,2,3,5,5,2,3,3,1,,2,1,1,1,1,,,1,1,2,1,1,2,1,2,1,2,2,1,2,2,2,,,,,2,4,2,1,3,2,1,1,1,1,1,1,1,1,1,1,1,1,1,1,1,1,2,2,2,2,2,2,1,1,1,2,2,1,2,1,1,2,1,239,658
125,1,1,5,6,,1,,1,,5,4,Lagos de Moreno,53,,,,1,,,1,,,1,,,,,,,,,,,,2,3,2,2,3,4,2,3,3,1,,2,1,1,3,1,,,1,2,2,2,2,1,1,3,2,2,1,1,2,2,2,,,,,1,1,3,2,2,1,2,1,1,1,1,1,1,1,1,1,1,1,1,1,1,1,,2,2,1,2,2,1,1,2,1,2,2,1,2,1,1,1,240,3031
126,2,2,6,4,,1,,1,,5,2,Tecalitlán,87,,,,1,,,,1,,,,,,,,,,1,,,,2,2,2,2,4,4,2,3,4,4,,2,1,1,1,1,,,2,2,2,2,2,2,2,2,1,1,2,1,1,1,2,,,,,2,1,2,1,2,1,1,1,1,1,1,1,1,1,1,1,1,1,1,1,1,1,1,1,1,1,1,1,1,1,1,1,1,1,1,1,1,1,1,243,4278
127,2,1,5,6,,1,,5,,2,3,Tecalitlán,87,,,,,,,,1,,1,,,1,,,,,,,,,2,2,1,3,2,5,1,2,2,4,,1,1,1,1,1,,,2,2,2,2,2,2,2,2,1,2,2,2,1,1,2,,,,,3,2,3,2,2,2,1,1,1,1,1,1,1,1,1,1,1,1,1,1,1,1,1,1,1,1,2,2,1,1,2,1,2,2,1,1,1,1,1,244,1121
128,1,1,5,6,,1,,1,,3,3,Cocula,24,,,,,,,,,,,,,1,,1,,,,1,,,1,2,3,4,2,2,1,4,2,4,,1,1,2,2,1,,,1,1,1,1,2,1,1,1,1,2,1,1,2,2,2,,,,,1,1,2,2,3,2,2,1,1,1,1,1,1,1,2,1,1,1,1,1,1,2,,2,2,1,2,2,1,2,,2,1,2,1,2,2,,2,247,1446
129,2,1,6,1,,1,,5,,7,4,Zapotiltic,121,,,,,,,,,,,1,,,1,1,,,,,,,2,2,3,4,4,4,3,4,3,4,,1,1,1,1,1,,,1,1,1,1,1,2,2,1,1,1,1,1,2,1,2,,,,,1,1,2,1,1,1,1,1,1,1,1,1,1,1,1,1,1,1,1,1,1,1,1,2,2,1,2,2,1,1,1,1,2,2,2,1,1,1,2,249,5528
130,1,1,5,5,,1,,1,,3,2,Tecalitlán,87,,,,,,,,,,1,,,,,,,,,,,,3,2,2,1,3,4,2,3,3,1,,1,1,1,1,1,,,2,2,3,2,2,2,1,1,2,2,2,1,1,2,2,,,,,2,2,3,2,2,2,1,1,1,1,1,1,1,1,1,1,1,1,1,1,1,1,2,2,2,1,2,2,1,1,1,1,2,2,1,1,1,2,1,250,2347
131,1,1,6,3,,1,,1,,7,6,Tecalitlán,87,,,,,,,,,,1,,,1,,,,,,1,,,2,2,1,3,4,4,1,4,4,4,,1,1,1,1,1,,,1,1,1,1,1,1,1,3,1,1,1,1,1,1,2,,,,,1,1,2,1,2,1,1,1,1,1,1,1,1,1,1,1,1,1,1,1,1,1,2,2,1,1,1,2,1,1,1,1,1,1,1,1,1,1,1,251,2942
132,2,1,5,4,,1,,5,,4,3,Tuxpan,108,,,,,,,,1,,1,,,1,,,,,,,,,2,2,3,4,2,3,3,4,3,4,,3,1,1,1,1,,,2,2,2,2,3,2,2,2,2,2,2,2,2,2,2,,,,,,,,,,,2,1,1,1,1,1,1,1,1,1,1,1,1,1,1,1,,2,2,1,2,2,1,2,2,1,1,2,1,1,1,2,2,254,1980
133,1,2,5,4,,1,,5,,6,4,Casimiro Castillo,21,,,,,,,,,,,,1,,,1,,,,1,,,1,1,1,3,3,4,2,3,2,3,,1,1,1,1,1,,,1,3,4,2,3,4,1,3,1,1,2,1,3,1,2,,,,,3,1,1,1,2,1,1,1,1,1,1,1,1,1,1,1,1,1,1,1,1,1,2,2,2,1,2,2,1,1,1,1,2,1,2,1,1,2,1,255,4032
134,1,1,5,4,,1,,1,,5,3,Tlajomulco de Zúñiga,97,,,,1,,,,,1,,,,1,,,,,,,,,2,2,3,3,4,2,4,3,4,1,,1,1,1,1,1,,,2,2,3,2,3,3,2,3,1,2,1,1,2,1,2,,,,,2,3,2,2,2,2,1,1,1,1,1,1,1,1,1,1,1,2,2,1,1,1,2,1,,1,1,2,1,1,2,1,1,,,2,2,2,3,256,2555
135,1,2,5,3,,1,,4,,4,5,Tecalitlán,87,,,,,,,,,,,,,,,,,,,1,,,2,2,2,3,3,4,2,3,3,2,,1,1,1,1,1,,,1,1,1,1,1,1,1,1,1,1,2,1,1,2,2,,,,,3,1,3,1,3,1,1,1,1,1,1,1,1,1,1,1,1,1,1,1,1,1,2,2,2,1,2,2,1,1,1,1,2,1,1,1,1,1,1,257,1744
136,1,1,5,5,,1,,4,,2,3,Zapotlán el Grande,23,,,,,,,,,,,1,,,1,1,,,,,,,1,1,1,4,5,3,1,1,1,1,,1,1,2,1,1,,,1,1,1,1,3,1,1,3,2,2,1,1,1,1,2,,,,,1,1,3,1,3,1,1,1,1,1,1,1,1,1,1,1,1,1,2,1,1,1,1,2,2,1,2,2,1,2,1,1,3,2,,1,1,2,2,260,1088
137,1,1,6,2,,1,,4,,2,3,Zapotlán el Grande,23,,,,,,,,,,,,,,,1,,1,,1,,,1,1,1,4,6,3,2,2,2,4,,1,1,1,3,1,,,1,1,3,5,1,5,5,1,2,2,2,2,2,2,2,,,,,,,,,,,1,1,1,1,1,1,1,1,1,1,1,1,1,1,1,1,1,1,2,1,2,2,2,2,2,1,2,2,2,1,2,2,1,261,1088
138,2,1,5,3,,1,,3,,5,3,Cocula,24,,,,,,1,1,,1,,,,,,,,,,,,,3,3,4,4,3,3,2,4,3,1,,4,1,2,2,1,,,,,,,,,,,,,,,,,,,,,,,,,,,,,,,,,,,,,,,,,,,,,,,,,,,,,,,,,,,,,262,2633
139,1,2,5,4,,1,,4,,4,4,Zapotlán el Grande,23,,,,,,,,1,,1,,,,,1,,,,,,,2,2,2,3,2,3,3,3,3,3,,1,1,1,1,1,,,1,1,1,1,1,1,1,1,2,1,2,1,2,1,2,,,,,2,1,3,1,3,1,1,1,1,1,1,1,1,1,1,1,1,1,1,1,1,1,1,2,2,2,2,2,1,2,2,2,2,2,2,2,2,2,2,265,2280
140,2,1,5,4,,2,2,,,4,5,Guadalajara,39,,,,,,,,,,,,,1,1,1,,,,,,,1,1,3,3,2,3,2,1,1,1,,1,1,1,1,1,,,1,1,3,2,3,3,1,3,2,1,2,1,2,1,1,,,3,,2,1,2,1,3,1,1,1,1,1,1,1,1,1,1,1,1,1,1,1,1,1,2,2,2,1,2,2,2,1,2,1,2,1,2,1,1,1,2,266,133
141,1,3,6,2,,1,,7,Pensionado,2,7,Zapotlán el Grande,23,,,,,,1,,,,1,,,1,,,,,,,,,2,2,2,2,2,3,2,2,2,4,,2,1,1,1,1,,,1,1,1,2,2,2,2,2,1,1,1,1,1,1,2,,,,,2,2,2,2,2,2,2,2,2,2,2,2,1,1,2,2,2,2,2,2,2,2,,,,,,,1,1,,,,,,,,,1,267,482
142,2,1,6,4,,1,,4,,5,7,Zapotlán el Grande,23,,,1,,,,1,,,,,,,,,,1,,,,,3,2,3,3,3,4,4,2,2,4,,1,1,1,1,1,,,2,3,2,3,3,3,2,3,1,2,1,1,2,1,2,,,,,2,1,2,1,2,1,1,1,1,1,1,1,1,1,1,1,1,1,2,1,1,1,2,2,2,1,2,2,2,2,2,1,1,2,,2,1,2,3,268,1160
143,1,1,6,3,,1,,4,,4,,,,,,,,,,,,,,,,,,,,,,,,,,,,,,,,,,,,,,,,,,,,,,,,,,,,,,,,,,,,,,,,,,,,,,,,,,,,,,,,,,,,,,,,,,,,,,,,,,,,,269,9692
144,2,1,5,3,,1,,1,,2,3,Guadalajara,39,,,,1,,,,,1,,,,,,1,,,,,,,2,1,1,3,1,1,1,1,1,4,,2,2,2,2,1,,,3,2,2,2,2,2,2,2,1,2,2,1,2,2,1,,,3,,1,1,2,1,3,1,1,1,1,1,1,1,1,2,1,1,1,1,1,1,1,1,2,2,1,1,2,2,1,,1,2,1,2,2,1,1,2,1,271,1121
145,2,2,5,4,,1,,5,,2,1,Tecalitlán,87,,,,,,,,,,,,,,,,,,,,,,,,,,,,,,,,,,,,,,,,,,,,,,,,,,,,,,,,,,,,,,,,,,,,,,,,,,,,,,,,,,,,,,,,,,,,,,,,,,272,3207
146,1,1,5,3,,2,2,,,3,2,Zapotlán el Grande,23,,,1,,,,,,,,,,,1,,1,,,,,,2,2,2,3,3,3,1,3,3,3,,2,1,1,1,1,,,3,2,2,2,2,2,2,4,1,1,2,2,1,1,2,,,,,2,2,3,1,2,1,1,1,1,1,1,1,1,1,1,1,1,1,1,1,1,1,1,1,1,1,2,2,1,2,1,1,1,2,1,2,2,2,2,276,172
147,1,1,5,4,,1,,1,,3,5,Zapotlán el Grande,23,,,,,,,,,1,,1,,,,1,,,,,,,3,1,3,4,3,3,2,4,3,4,,2,1,2,2,1,,,2,2,3,2,3,3,2,2,2,2,2,1,2,2,2,,,,,1,1,3,2,1,2,2,1,1,1,1,1,1,1,2,1,1,2,1,2,2,1,,2,2,2,2,2,2,2,,2,2,,2,,,2,2,277,1312
148,2,1,5,4,,1,,1,,2,5,Zapopan,120,1,,,1,,,,,,,,,,,1,,,,,,,2,2,2,3,3,6,2,2,3,3,,2,1,2,1,1,,,1,1,2,2,2,1,1,4,1,2,2,2,2,2,1,,,3,,2,1,2,1,2,1,1,2,1,1,1,1,1,1,1,1,1,1,2,1,2,1,1,,1,2,1,1,2,1,2,2,2,2,,2,,2,1,278,1018
149,1,1,5,4,,1,,1,,4,3,Zapotlán del Rey,123,,,,1,,,,,,1,,,,,,1,,,,,,2,2,2,2,3,2,2,4,5,4,,2,1,1,1,1,,,2,2,1,1,1,2,1,1,2,2,2,2,2,2,2,,,,,,,,,,,1,1,1,1,1,1,1,1,1,1,1,1,1,1,1,1,2,2,2,1,2,2,2,2,1,1,2,2,1,2,1,2,1,280,1922
150,2,1,5,4,,1,,1,,5,6,Zapopan,120,,,,,,,,,,1,,,,,1,1,,,,,,2,2,2,3,6,3,2,3,3,4,,3,2,2,2,1,,,2,2,5,1,5,5,2,2,2,2,2,2,2,2,2,,,,,,,,,,,2,2,2,1,2,2,1,2,2,2,2,2,2,2,2,2,,,,2,,,1,,,,,,,,,,2,281,1715
151,1,2,5,3,,2,6,,,4,4,Tonalá,101,1,,,,,,,,,1,,,,,1,,,,,,,2,2,3,4,2,3,2,3,3,4,,3,2,2,2,2,6,,2,2,3,2,3,3,2,3,1,2,1,1,2,2,2,,,,,1,1,2,2,3,3,1,1,1,1,1,1,1,2,1,1,1,2,2,2,2,2,2,2,2,1,2,2,1,,2,1,1,,,,,,2,285,7353
152,1,1,5,5,,1,,1,,2,2,Zapotlán el Grande,23,,,,,,,,,,,,,,,,,,,,,,,,,,,,,,,,,,,,,,,,,,,,,,,,,,,,,,,,,,,,,,,,,,,,,,,,,,,,,,,,,,,,,,,,,,,,,,,,,,286,1765
153,2,1,5,4,,2,2,,,4,2,Tototlán,105,,,,,,,,,,,,,,,1,,,,,,,2,2,4,4,3,4,2,1,3,4,,1,1,1,1,1,,,3,1,1,1,4,4,2,3,1,1,1,1,1,1,1,,,3,,2,2,3,1,3,1,1,1,1,1,1,1,1,1,1,1,1,1,1,1,1,1,1,1,2,1,2,2,1,2,2,1,1,2,1,2,1,2,2,287,232
154,1,1,5,3,,1,,1,,5,4,Tototlán,105,,,,,,,,,1,1,,,,,1,,,,,,,2,2,2,3,3,3,2,2,2,3,,1,1,1,1,1,,,2,2,2,2,2,2,2,3,1,1,2,1,1,1,2,,,,,4,1,1,1,2,1,1,1,1,1,1,1,1,1,1,1,1,1,1,1,1,1,1,1,1,1,1,2,1,1,1,1,1,1,1,1,1,1,1,288,3031
155,1,1,5,5,,1,,1,,5,3,Zapotlán el Grande,23,,,,,,,,,,,,,1,1,1,,,,,,,3,3,3,3,3,3,3,3,3,4,,1,1,2,2,1,,,1,2,2,2,2,2,2,2,2,2,2,2,2,2,2,,,,,,,,,,,1,1,2,1,2,1,1,2,2,1,1,2,1,2,2,2,2,2,,2,,2,1,,,2,2,,2,,,,2,289,2555
156,2,1,6,6,,1,,1,,3,5,Tuxpan,108,,,,,,,,,,,,,,,,1,,,,,,4,2,4,2,2,3,4,4,2,4,,2,1,1,1,1,,,1,1,1,1,1,1,1,1,2,2,2,1,1,1,2,,,,,2,1,2,1,2,1,1,1,1,1,1,1,1,1,1,1,1,1,1,1,1,1,2,2,2,2,2,2,2,2,2,1,1,1,2,2,2,2,2,293,1352
157,1,1,5,3,,1,,1,,2,4,Pihuamo,65,,,,,,,,1,,,,,,,,,,,,,,1,1,2,2,1,5,1,4,1,4,,2,1,1,1,1,,,2,2,1,1,2,3,1,1,1,2,2,2,1,1,2,,,,,2,2,2,1,2,1,1,1,1,1,1,1,1,1,1,1,1,1,2,1,1,1,2,2,1,1,1,2,1,1,2,1,1,2,,2,2,1,1,294,1290
158,1,1,5,5,,1,,5,,1,5,Tuxpan,108,,,1,,,,,,,,,,,,1,1,,,,,,3,1,3,4,3,4,4,2,4,4,,2,1,1,1,1,,,3,3,4,3,4,3,2,4,1,2,1,1,1,1,2,,,,,2,2,2,1,2,1,1,1,1,1,1,1,1,1,1,1,1,1,1,1,1,1,1,1,2,1,2,2,1,1,2,1,1,2,1,1,1,2,2,295,744
159,1,3,5,5,,2,2,,,4,2,Guadalajara,39,,,1,,,,,,,1,,,,,1,,,,,,,2,2,3,4,4,3,2,2,2,2,,1,1,1,1,1,,,1,1,2,1,2,2,2,1,1,2,2,1,2,1,2,,,,,1,1,2,1,2,1,1,1,1,1,1,1,1,1,1,1,1,1,1,1,1,1,2,2,2,1,2,2,1,1,1,1,2,2,1,2,2,2,2,305,226
160,1,4,5,3,,1,,6,,6,4,Amacueca,4,1,,,,,,,1,1,,,,,,,,,,,,,2,2,2,3,2,2,3,2,4,1,,2,1,2,2,1,,,1,2,2,1,1,2,1,3,1,2,2,1,1,1,2,,,,,2,2,3,2,3,1,1,1,2,1,2,2,1,1,1,1,1,1,1,1,1,1,1,2,,1,,,1,2,2,1,1,1,1,1,1,2,1,307,4032
161,1,2,5,3,,1,,4,,1,2,Jilotlán de los Dolores,49,,,,,,,,,,,,,1,,1,1,,,,,,2,2,3,5,5,2,3,3,5,5,,1,1,1,1,1,,,2,3,3,2,3,2,1,2,1,2,2,1,2,2,2,,,,,1,1,3,2,2,1,1,1,1,1,1,1,1,2,1,1,1,1,1,1,,1,2,2,2,2,2,2,2,,1,1,1,1,1,1,,1,2,309,1328
162,2,1,5,5,,1,,1,,2,2,La Manzanilla de la Paz,57,,,,,,1,,1,,1,,,,,,,,,,,,2,2,2,2,6,6,2,2,2,3,,2,1,1,1,1,,,1,1,2,1,2,2,1,4,1,1,2,1,1,2,2,,,,,2,2,3,1,2,2,2,1,1,1,1,1,1,1,1,1,1,1,1,1,1,1,,2,2,1,2,2,1,2,2,1,2,2,2,1,1,1,3,310,1819
163,1,1,6,2,,1,,4,,3,5,Zapopan,120,1,,1,,,,,,,,,,,,1,,,,,,,2,2,2,3,3,5,3,2,3,4,,1,1,1,1,1,,,1,1,2,2,2,2,2,3,2,2,1,1,2,1,2,,,,,2,1,3,2,3,1,1,1,1,1,1,1,1,1,1,1,1,2,2,1,1,1,2,2,2,1,1,2,2,1,2,2,2,,,2,2,2,2,311,1312
164,1,1,5,4,,1,,1,,3,7,Guadalajara,39,,,,,,,,,,,1,,,,1,,,1,,,,2,2,3,3,3,2,3,2,3,4,,1,1,2,2,1,,,1,1,1,1,1,1,1,3,2,2,2,1,2,2,2,,,,,3,1,3,2,3,2,1,1,1,1,1,1,1,1,1,1,1,1,1,1,1,1,2,2,2,2,2,2,2,1,2,2,2,2,2,2,2,2,1,312,639
165,1,1,5,5,,2,2,,,3,3,Acatic,1,,,,,,1,,,,,,,1,,1,,,,,,,1,3,,2,3,,3,2,5,4,,3,2,2,2,1,,,4,3,4,4,3,4,3,4,2,2,2,2,2,2,2,,,,,,,,,,,2,2,2,2,2,2,2,2,2,2,2,2,2,2,2,2,,,,,,,,,,,,,,,,,2,314,108
166,1,2,6,2,,2,2,,,4,7,El Salto,70,,,,,,,,,,,,,,,1,,,,,,,3,3,3,4,4,5,3,4,3,3,,1,1,1,1,1,,,2,2,2,3,3,3,2,4,1,2,1,2,1,2,2,,,,,2,1,2,2,3,3,1,1,1,1,1,1,1,1,1,1,1,1,1,1,1,1,1,2,1,1,1,2,1,1,1,2,1,2,2,1,1,2,2,315,67
167,1,1,6,2,,1,,4,,6,6,Tlaquepaque,98,,,1,,,1,,,,,,,,,1,,,,,,,2,2,2,4,,2,2,2,2,3,,1,1,1,1,1,,,1,1,1,1,1,1,1,3,1,1,1,1,1,1,1,,,3,,3,1,3,1,3,2,1,1,1,1,1,1,1,1,1,1,1,1,1,1,1,1,1,1,2,2,2,2,1,1,2,1,1,2,2,2,1,2,1,316,2212
168,2,2,6,2,,1,,1,,2,7,Guadalajara,39,1,,,1,,,,,,,,,,,1,,,,,,,2,1,2,3,2,3,2,2,2,1,,2,1,1,1,1,,,1,1,2,1,2,2,1,3,2,1,2,1,2,1,1,,,3,,3,1,2,1,3,1,1,1,1,1,1,1,1,1,1,1,1,2,2,1,1,2,1,2,2,1,2,2,1,2,2,1,2,,,2,1,,2,317,497
169,1,1,6,3,,1,,1,,2,3,Guadalajara,39,,,,,,,,1,1,,,,,,,,,1,,,,2,2,2,4,2,3,2,2,2,4,,1,1,1,1,1,,,1,2,3,2,3,4,2,4,2,2,2,2,2,2,2,,,,,,,,,,,1,1,1,1,1,1,1,1,1,1,1,1,1,1,1,1,2,2,2,2,2,2,2,2,2,2,2,2,2,2,2,2,2,318,1088
170,1,1,6,3,,1,,1,,2,8,Tlaquepaque,98,,,1,,,,,,,,,,,,1,,,1,,,,2,1,1,2,3,3,2,3,2,3,,2,1,1,2,1,,,1,1,2,1,1,1,1,3,1,2,2,1,1,1,2,,,,,2,1,2,1,3,1,2,1,2,1,1,1,1,1,1,1,1,2,2,1,1,2,,2,,1,2,2,1,2,2,,2,,,2,2,,3,319,1897
171,2,2,6,2,,1,,5,,4,4,Guadalajara,39,,,,,,,,1,1,,,,,,1,,,,,,,2,2,2,3,3,2,2,3,2,3,,1,1,2,2,1,,,2,1,2,2,2,2,2,2,1,2,2,1,2,1,1,,,3,,2,1,1,1,2,2,1,1,1,1,2,1,2,1,1,1,1,1,1,1,1,1,2,2,2,2,,2,,1,2,1,1,2,1,1,1,1,1,321,2349
172,1,1,6,2,,1,,1,,4,7,Guadalajara,39,,,,1,,1,,,,,,,,,,1,,,,,,2,1,4,2,2,2,2,3,2,4,,1,1,1,1,1,,,1,1,2,1,1,2,2,4,2,2,1,1,2,1,2,,,,,3,1,3,1,3,1,1,1,1,1,1,1,1,1,1,1,1,1,1,1,1,1,2,2,2,1,1,2,1,2,2,2,2,2,2,2,2,1,1,322,848
173,2,1,6,2,,1,,1,,3,5,Sayula,82,1,,1,,,,,,,,,,,,,1,,,,,,2,1,4,4,3,3,3,3,2,4,,2,1,2,2,1,,,1,1,3,2,3,3,2,3,2,2,1,1,2,2,1,,,3,,1,1,3,1,3,1,1,2,1,1,1,1,1,1,1,1,1,1,1,1,1,1,2,,2,2,2,2,1,2,2,1,2,2,2,2,2,2,2,328,1352
174,2,1,5,3,,2,2,,,2,2,Sayula,82,,,,,,,1,,,,,,,,1,1,,,,,,2,2,3,4,4,4,4,3,3,1,,1,1,1,1,1,,,1,1,2,1,2,2,2,2,1,2,2,1,2,2,2,,,,,2,2,2,2,4,2,2,2,1,1,1,1,1,1,1,1,1,1,1,1,1,1,,,2,1,2,2,1,2,2,1,2,1,1,2,1,2,2,329,135
175,1,1,5,4,,1,,4,,4,2,Sayula,82,,,,,,,,,,,,,,,,,,,,,,,,,,,,,,,,,,,,,,,,,,,,,,,,,,,,,,,,,,,,,,,,,,,,,,,,,,,,,,,,,,,,,,,,,,,,,,,,,,330,3121
176,2,1,5,2,,1,,1,,4,2,Sayula,82,,,,,,1,,,,,,,,,1,,,,,,,2,2,2,3,2,2,2,3,2,4,,1,1,1,1,1,,,1,1,1,2,2,2,1,1,2,2,2,2,2,2,2,,,,,,,,,,,1,1,1,1,1,1,1,1,1,2,1,1,1,1,1,1,2,2,2,1,1,1,1,2,2,,1,2,2,2,1,2,1,331,3216
177,2,2,6,2,,1,,1,,2,8,Sayula,82,,,,,,,,,,,,,,,,,,,,,,,,,,,,,,,,,,,,,,,,,,,,,,,,,,,,,,,,,,,,,,,,,,,,,,,,,,,,,,,,,,,,,,,,,,,,,,,,,,332,1955
178,1,1,5,4,,1,,4,,4,5,Sayula,82,,,1,,,,,,,,,,,,1,1,,,,,,2,2,3,4,2,4,2,2,2,3,,2,1,2,2,1,,,1,3,4,3,4,4,5,3,1,2,2,1,1,1,2,,,,,3,1,1,2,3,1,1,1,1,1,1,1,1,1,1,1,1,1,1,1,1,,2,2,2,2,2,2,1,2,2,1,1,2,2,2,2,,2,333,1744
179,1,1,6,2,,2,2,,,4,4,Sayula,82,,,,,,,,,,,,1,,,1,,1,,,,,2,2,2,4,3,3,2,3,2,4,,1,1,1,1,1,,,2,4,4,2,4,4,3,2,2,1,2,1,1,2,2,,,,,2,2,1,2,3,2,1,1,1,1,1,1,1,1,1,1,1,1,1,1,1,1,2,2,2,2,2,2,1,2,2,2,2,2,2,2,2,2,2,334,167
180,1,1,6,3,,2,2,,,4,7,Guadalajara,39,1,,,1,,,,,,,,,,,,1,,,,,,1,5,2,4,3,6,3,2,3,4,,2,1,2,2,1,,,2,2,4,2,3,3,2,3,1,2,2,2,2,1,2,,,,,2,2,3,2,2,2,2,2,2,1,1,1,1,2,2,2,2,2,2,2,2,2,,,,2,2,2,2,,,,,,,,,,2,336,67
181,2,1,6,2,,1,,1,,2,4,Tonalá,101,,,,1,,,,,,,,,,,1,,,1,,,,4,2,2,4,4,3,5,2,5,4,,3,1,2,2,1,,,1,1,1,1,1,1,1,1,1,2,2,1,2,1,2,,,,,2,2,2,1,2,1,1,1,1,1,1,1,1,1,1,1,1,1,1,1,1,1,2,2,2,1,2,2,1,1,2,1,1,2,2,1,1,2,2,337,1330
182,1,1,5,4,,1,,1,,3,3,Sayula,82,1,,,,,,,,,,,,,,1,,1,,,,,3,3,3,4,4,4,4,2,1,1,,2,1,1,1,1,,,1,4,3,2,3,3,2,3,1,1,1,1,1,1,1,,,3,,2,1,3,2,3,1,2,1,1,1,1,1,1,1,1,1,1,1,1,1,1,1,,2,2,1,2,,1,1,1,1,1,2,1,1,1,1,2,340,1446
183,1,1,5,2,,1,,5,,2,5,Autlán de Navarro,15,,,,1,,,,,,,,,,,,1,,1,,,,1,3,2,2,4,3,1,3,3,4,,3,1,2,2,2,,,1,1,1,1,2,1,1,4,2,2,2,2,2,2,2,,,,,,,,,,,2,1,,1,1,1,1,1,1,1,1,1,1,1,1,1,,2,,2,2,2,2,2,2,1,1,2,2,2,2,2,3,343,988
184,2,3,5,3,,2,4,,,2,8,Autlán de Navarro,15,,,1,1,,,,,,,,,,,,1,,,,,,1,1,3,4,6,4,4,4,2,3,,2,1,1,1,1,,,1,1,1,1,1,1,1,1,2,2,1,1,2,2,2,,,,,2,1,3,1,3,1,1,1,1,1,1,1,1,1,1,1,1,1,1,1,1,2,2,2,2,1,2,2,1,2,1,1,2,2,2,2,2,,2,346,8489
185,2,1,6,3,,1,,1,,4,9,Autlán de Navarro,15,,,1,,,,,,,,,,,,1,1,,,,,,2,1,2,2,1,2,3,3,2,4,,3,1,2,2,1,,,1,2,2,1,2,2,1,2,2,2,2,2,2,2,2,,,,,,,,,,,1,1,1,1,1,1,1,1,1,1,1,1,1,1,1,1,2,2,2,2,2,2,1,2,2,2,2,2,2,2,2,2,2,347,9989
186,1,1,5,5,,1,,1,,4,4,Sayula,82,1,,1,,,1,,,,,,,,,,,,,,,,2,2,2,3,3,2,3,2,2,4,,2,1,2,2,1,,,1,2,2,2,2,2,2,2,2,1,2,1,2,2,2,,,,,2,3,3,2,2,2,2,2,1,1,1,1,1,1,1,1,1,1,1,1,1,1,,,2,2,2,2,2,2,2,2,2,2,2,2,2,2,1,349,2280
187,1,1,6,2,,1,,1,,5,4,Atoyac,14,,,1,,,,1,,,,,,,,,,1,,,,,2,2,2,4,2,2,2,2,2,4,,2,1,1,1,1,,,,,,,,,,,,,,,,,,,,,,,,,,,,,,,,,,,,,,,,,,,,,,,,,,,,,,,,,,,,,350,3031
188,2,1,6,2,,1,,1,,4,6,Autlán de Navarro,15,,,1,,,,1,,,,,,,,,1,,,,,,2,2,2,2,3,3,2,4,2,1,,4,1,2,2,1,,,,,,,,,,,,,,,,,,,,,,,,,,,,,,,,,,,,,,,,,,,,,,,,,,,,,,,,,,,,,353,1290
189,2,3,6,3,,2,3,,,3,3,Sayula,82,,,,,,1,,1,,,,,1,,,,,,,,,3,2,4,4,3,4,3,4,3,4,,1,1,2,1,1,,,2,3,3,3,3,3,2,2,2,2,2,2,2,2,2,,,,,,,,,,,1,1,1,1,1,1,1,1,1,1,1,1,1,1,1,1,2,2,2,1,2,2,1,1,1,1,1,1,2,1,1,2,2,355,551
190,1,1,5,4,,1,,4,,4,6,Sayula,82,,,1,,,,,,,,,,,,1,1,,,,,,2,2,4,4,4,4,4,3,3,3,,2,1,2,2,1,,,1,2,2,3,3,2,2,2,2,2,2,2,2,2,2,,,,,,,,,,,1,1,1,1,1,1,1,1,1,1,1,1,1,1,1,1,2,2,2,2,2,2,1,2,2,1,2,2,2,2,2,2,1,357,1252
191,2,1,5,4,,1,,1,,5,2,Sayula,82,,,,,,,,1,,1,,,1,,,,,,,,,2,2,2,2,3,2,3,4,2,4,,2,1,1,1,1,,,,,,,,,,,,,,,,,,,,,,,,,,,,,,,,,,,,,,,,,,,,,,,,,,,,,,,,,,,,,358,4278
192,1,1,5,5,,1,,1,,2,7,Sayula,82,,,1,,,,1,,,,1,,,,,,,,,,,1,1,3,2,3,3,4,1,2,4,,1,1,1,1,,,,1,1,1,1,1,1,1,1,1,1,2,2,1,2,2,,,,,2,1,2,1,3,1,1,1,1,1,1,1,1,1,1,1,1,1,1,1,1,1,2,2,2,2,2,2,2,2,2,2,2,2,2,2,2,2,2,363,482
193,2,1,6,3,,1,,1,,5,3,Encarnación de Díaz,35,,,1,,,,,,,,1,,,,1,,,,,,,3,2,2,4,2,3,2,3,2,3,,2,1,2,2,1,,,2,2,3,3,3,3,2,2,1,2,2,2,2,1,2,,,,,2,1,1,2,2,1,1,1,1,1,1,1,1,1,1,1,1,1,1,1,1,1,2,2,2,1,2,2,1,2,1,1,1,2,1,1,1,2,2,367,2633
194,1,1,5,4,,2,2,,,3,3,Sayula,82,,,1,1,,,,,,,,,,,,,,,1,,,2,2,3,4,1,3,1,5,2,4,,2,1,1,1,1,,,1,2,2,1,1,3,1,1,1,2,1,2,2,2,2,,,,,3,2,4,4,4,4,1,1,1,1,1,1,1,1,1,1,1,1,1,1,1,1,2,2,2,1,2,2,1,2,2,1,1,2,2,2,1,2,2,368,108
195,1,1,5,4,,1,,5,,4,2,Sayula,82,,,,1,,,,,,,,,,1,,,,,,,,2,2,2,3,2,4,3,2,3,3,,3,2,2,2,1,,,,,,,,,,,,,,,,,,,,,,,,,,,,,,,,,,,,,,,,,,,,,,,,,,,,,,,,,,,,,370,3121
196,1,3,5,5,,2,6,,,4,1,Autlán de Navarro,15,1,,,1,,,,,,1,,,,,,,,,,,,3,2,4,2,2,4,4,4,4,1,,1,1,2,2,1,,,1,5,5,3,4,4,4,1,2,3,1,1,3,3,3,,,,,1,1,2,2,1,1,1,1,1,1,1,1,1,1,1,1,1,1,1,1,1,1,2,2,2,1,2,2,1,2,1,1,1,1,1,1,1,1,2,372,17786
197,2,1,5,5,,1,,5,,4,5,Sayula,82,,,,,,,,,,,,,,1,1,,,,1,,,2,2,2,4,3,3,3,2,2,4,,2,1,2,2,1,,,2,3,2,1,3,2,1,3,2,2,2,1,2,1,2,,,,,2,2,2,2,2,1,2,1,1,1,1,1,1,1,1,1,1,1,1,1,1,2,,2,2,1,2,2,1,2,2,1,2,2,2,2,2,,3,375,1797
198,2,1,5,4,,1,,4,,5,3,Sayula,82,,,,,,,,,,,,,1,,1,1,,,,,,2,2,4,4,3,3,4,4,3,3,,2,1,1,1,1,,,2,2,3,2,3,2,2,3,2,2,1,1,1,2,2,,,,,2,2,2,2,2,2,1,1,1,1,1,1,1,1,1,1,1,1,1,1,1,1,2,1,2,1,2,2,1,2,2,1,1,1,1,1,1,1,2,376,2633
199,1,1,6,3,,1,,4,,4,4,,,1,,1,,,,,,,,,,,,1,,,,,,,3,2,4,4,3,2,4,3,2,3,,1,1,2,2,1,,,1,3,3,3,3,3,2,3,1,2,2,1,2,1,1,,,3,,1,1,3,1,3,2,2,2,1,1,1,1,1,1,1,1,1,1,1,1,1,2,,,2,2,2,2,1,2,2,1,1,2,2,2,2,,2,378,2280
200,2,4,6,6,,1,,1,,1,3,Tapalpa,86,,,1,,,1,,,1,,,,,,,,,,,,,3,2,2,6,6,4,3,3,6,1,,4,1,2,2,1,,,2,2,2,2,2,5,2,3,2,2,2,2,2,1,2,,,,,3,1,3,1,1,3,1,1,1,1,1,1,1,1,1,1,1,1,1,1,1,2,2,2,2,1,2,2,,2,1,1,1,2,2,1,1,,2,379,844
201,1,1,5,5,,1,,1,,6,2,Sayula,82,,,,1,,,,,,,1,,,,1,,,,,,,1,1,3,4,3,2,2,4,4,4,,2,1,1,1,1,,,1,4,3,3,4,3,2,1,2,2,2,1,1,2,2,,,,,1,1,1,2,1,1,2,2,1,1,2,1,1,1,2,1,2,1,1,1,1,2,,,2,1,,2,1,2,,2,,2,2,2,2,,2,385,5522
202,2,1,5,5,,1,,1,,4,6,Guadalajara,39,,,,,,,,,,,1,,,,1,,,1,,,,1,1,2,4,4,3,3,2,2,4,,1,1,1,1,1,,,2,3,3,2,3,4,2,3,2,2,2,2,2,2,2,,,,,,,,,,,2,2,1,1,1,1,1,1,1,1,1,1,1,1,1,1,,,2,2,2,2,2,2,2,2,2,2,2,2,1,2,3,386,1290
203,1,1,5,4,,1,,1,,4,4,Sayula,82,,,,,,,,1,,1,,,,,1,,,,,,,1,1,3,4,4,4,3,4,3,3,,1,1,2,1,1,,,1,2,1,2,3,3,3,3,2,2,2,1,2,2,2,,,,,4,1,1,2,3,2,2,1,1,1,1,1,1,1,1,1,1,1,1,1,1,1,,2,2,2,2,2,2,1,2,1,2,2,2,2,2,2,2,387,2280
204,1,1,5,3,,2,2,,,3,7,Guadalajara,39,,,,,,,,,,,,,,,,,,,,1,,2,2,2,2,2,2,2,3,5,4,,1,1,1,1,1,,,1,1,1,1,1,1,1,3,1,1,2,2,1,3,2,,,,,3,1,3,2,3,2,1,1,1,1,1,1,1,1,1,1,1,1,1,1,1,1,2,2,2,2,1,2,1,1,2,2,2,2,2,1,2,2,1,388,52
205,2,1,5,4,,2,2,,,3,2,Sayula,82,,,,,,,,,,,,,,1,1,,1,,,,,2,2,3,3,3,3,3,2,3,4,,3,1,2,2,2,8,,2,5,4,2,3,3,5,3,2,2,2,2,2,2,2,,,,,,,,,,,2,2,2,1,2,1,1,2,2,1,1,2,2,2,1,2,,,,2,,2,1,,,2,2,,,,2,,2,389,177
206,1,1,5,4,,2,2,,,4,3,Sayula,82,,,,,,,,,,,,,,,,,,,,,,,,,,,,,,,,,,,,,,,,,,,,,,,,,,,,,,,,,,,,,,,,,,,,,,,,,,,,,,,,,,,,,,,,,,,,,,,,,,391,142
207,1,1,5,5,,1,,1,,1,4,Guadalajara,39,,,,,,,,,,,,,,,,,,,,,,,,,,,,,,,,,,,,,,,,,,,,,,,,,,,,,,,,,,,,,,,,,,,,,,,,,,,,,,,,,,,,,,,,,,,,,,,,,,392,971
208,1,2,5,6,,1,,4,,5,2,Sayula,82,,,,,,,1,,,1,,,,1,,,,,,,,2,2,2,4,3,3,2,3,1,2,,2,1,2,2,1,,,1,1,1,1,2,2,1,3,2,1,2,1,1,2,1,,,3,,3,1,3,1,3,1,1,1,1,1,1,1,1,1,1,1,1,1,1,1,1,1,1,1,1,1,1,2,1,2,1,1,1,2,1,2,1,2,1,393,4151
209,1,1,5,5,,1,,4,,4,3,Autlán de Navarro,15,,,,,,,,,,1,,,,,1,1,,,,,,2,2,2,3,2,2,3,4,2,4,,2,1,2,2,1,,,2,2,2,2,2,2,2,3,1,2,2,2,2,2,2,,,,,4,4,4,4,4,4,1,1,1,2,1,1,1,2,1,2,2,2,2,2,2,2,2,2,2,,2,2,2,,2,,,,,,,,1,395,1922
210,1,3,6,3,,1,,1,,1,4,Sayula,82,,,1,,,,,,,,,,1,,,1,,,,,,2,2,3,4,2,3,3,2,2,1,,2,1,1,1,1,,,,,,,,,,,,,,,,,,,,,,,,,,,,,,,,,,,,,,,,,,,,,,,,,,,,,,,,,,,,,396,971
211,1,1,5,3,,1,,1,,3,5,Guadalajara,39,,,,,,,,1,,1,,,,,,1,,,,,,2,2,2,2,2,2,2,2,2,4,,1,1,1,1,1,,,1,1,1,1,1,1,1,3,1,2,2,2,2,2,2,,,,,2,1,3,1,3,1,1,1,1,1,1,1,1,1,1,1,1,1,1,1,1,1,2,2,2,1,1,2,1,1,2,1,1,2,2,1,1,2,1,401,1312
212,1,1,5,3,,1,,1,,4,5,Guadalajara,39,1,,,,,,,,,,1,,,,1,,,,,,,2,2,2,3,2,3,1,2,2,4,,2,1,2,2,1,,,1,2,1,1,1,1,1,1,2,2,1,2,2,1,1,,,3,,2,1,2,1,3,1,1,1,1,1,1,1,1,1,1,1,1,2,1,1,1,2,2,2,2,1,2,2,2,2,2,2,2,,2,2,2,,2,402,1744
213,1,1,5,4,,1,,5,,2,7,Tlajomulco de Zúñiga,97,,,1,,,,,,,,1,,,,1,,,,,,,3,1,4,4,6,3,1,2,2,4,,1,1,2,2,1,,,4,2,2,2,2,2,1,3,1,2,1,2,2,1,2,,,,,4,2,4,3,1,2,2,1,1,1,1,1,1,1,1,1,1,2,2,1,1,2,,1,2,2,2,2,1,1,2,1,1,,,2,2,,1,403,482
214,2,1,6,2,,1,,5,,5,5,Zapopan,120,,,,,,1,,,,,,1,,,,,1,,,,,2,2,2,3,3,2,2,2,3,4,,1,1,1,1,1,,,2,3,4,3,3,4,2,5,2,2,1,1,2,1,1,,,3,,2,1,1,1,2,1,1,1,1,1,1,1,1,1,1,1,1,1,1,1,1,2,2,2,2,1,2,2,2,2,2,1,1,2,1,2,1,,2,406,2389
215,2,1,5,5,,1,,5,,4,9,Tlajomulco de Zúñiga,97,,,1,,,,,,,,1,,,,1,,,,,,,1,1,1,4,3,3,1,2,3,4,,1,1,2,2,1,,,2,2,2,2,2,2,2,2,1,2,1,1,2,2,2,,,,,1,1,1,4,1,4,1,1,1,1,1,2,1,1,1,1,1,1,1,1,1,1,2,2,2,2,2,,1,2,2,2,2,2,2,2,2,2,2,407,9989
216,2,1,6,2,,2,2,,,2,3,Tlajomulco de Zúñiga,97,,,,,,,,,,,,,,,1,1,,1,,,,2,1,3,4,3,2,2,4,5,3,,2,1,2,2,1,,,1,1,1,1,2,2,1,3,1,2,2,1,1,2,2,,,,,2,1,2,1,2,2,2,2,2,1,1,1,1,1,1,1,1,2,1,1,1,2,,,,3,2,2,1,2,2,1,3,,3,3,3,,1,409,86
217,2,1,5,3,,1,,5,,3,3,Tlajomulco de Zúñiga,97,,,,,,,,,1,,,,,,1,,,1,,,,3,2,3,2,3,6,2,2,3,3,,2,1,1,1,1,,,1,2,2,2,2,2,2,2,1,2,2,2,1,1,2,,,,,4,4,4,4,1,1,1,1,1,1,1,1,1,1,1,1,1,1,1,1,1,1,2,2,1,1,1,2,1,1,1,1,1,2,1,1,1,2,1,411,1490
218,2,1,5,3,,2,6,,,3,9,Tlajomulco de Zúñiga,97,,,,,,1,,,,1,,,1,,,,,,,,,1,2,1,4,4,4,2,2,3,4,,2,1,1,1,1,,,2,3,3,2,2,3,2,3,1,2,2,1,1,1,2,,,,,2,1,3,1,3,1,1,1,1,1,1,1,1,1,1,1,1,1,1,1,1,1,2,2,2,1,2,2,1,2,2,1,2,2,1,2,1,2,3,412,24255
219,1,1,6,2,,2,2,,,4,8,Zapopan,120,,,1,,,,,,,,1,,,,1,,,,,,,2,1,1,4,3,2,1,2,1,4,,2,1,2,2,1,,,1,5,3,2,3,3,5,3,2,2,2,2,2,2,2,,,,,,,,,,,2,1,2,1,1,1,1,2,2,1,1,2,2,2,2,1,,2,,2,1,2,2,,,2,2,,,,,2,3,415,242
220,1,1,6,2,,2,6,,,4,8,Guadalajara,39,,,1,,,,,,1,,,,,,1,,,,,,,2,2,3,4,4,3,2,1,3,4,,1,1,1,1,1,,,1,3,1,2,3,4,2,1,1,2,2,2,1,1,1,,,3,,1,1,3,2,2,1,1,1,1,1,1,1,1,1,1,1,1,1,1,1,1,2,2,2,2,1,2,2,2,2,2,1,2,2,2,1,1,,2,416,10827
221,1,1,5,6,,1,,5,,3,2,Guadalajara,39,,,1,,,,,,,1,,,,,1,,,,,,,2,2,2,4,3,4,2,2,2,4,,3,1,2,2,1,,,2,3,3,2,4,4,2,2,2,2,2,2,2,2,2,,,,,,,,,,,2,2,2,1,1,1,1,2,2,2,1,2,2,1,1,2,,,,2,2,2,2,,,,2,,,2,2,,2,417,2347
222,2,1,5,4,,2,2,,,4,7,Guadalajara,39,,,1,,,1,,,,,,,,,,,,1,,,,2,1,1,3,4,2,1,3,2,4,,2,1,2,2,2,6,,1,2,3,2,3,4,2,4,1,2,1,2,2,1,1,,,3,,3,1,3,1,3,1,1,1,1,1,1,1,1,2,1,1,2,2,2,1,2,1,2,2,2,2,2,2,1,,2,2,,,,1,,2,2,418,68
223,1,1,5,3,,2,5,,,5,6,Zapopan,120,,1,,,,1,,,,,,,,,1,,,,,,,2,2,2,2,3,3,3,2,2,4,,2,1,2,2,1,,,2,2,2,2,3,3,2,4,2,2,2,2,2,1,2,,,,,2,1,2,1,2,1,1,1,1,1,1,1,1,1,1,1,1,1,1,1,1,2,2,2,2,1,2,2,2,2,2,1,2,2,2,2,2,,3,419,940
224,1,1,5,5,,2,6,,,5,6,Zapopan,120,1,,,1,,,,,,,,,,,,,,1,,,,2,2,2,4,3,2,2,2,3,4,,4,1,2,2,1,,,1,5,2,2,2,2,2,3,2,2,2,2,2,2,2,,,,,,,,,,,2,2,2,1,1,1,1,1,1,1,1,2,2,1,1,2,,,,2,2,2,2,2,2,2,2,,,2,2,,3,420,5363
225,1,1,5,4,,1,,1,,5,8,Zapopan,120,,,,,,,,,,,,,,,,,,,,1,,1,1,1,3,3,3,1,4,5,4,,3,2,2,2,1,,,,,,,,,,,,,,,,,,,,,,,,,,,,,,,,,,,,,,,,,,,,,,,,,,,,,,,,,,,,,421,4461
226,1,1,5,4,,2,2,,,5,7,Zapopan,120,,,,,,,,,,,,,,,,1,,1,,,,4,2,2,4,6,5,2,2,2,4,,1,1,2,2,1,,,1,3,3,2,2,2,2,3,2,2,2,2,2,2,2,,,,,,,,,,,2,1,1,1,1,1,1,1,1,1,1,1,1,1,1,1,,2,2,2,2,2,2,2,2,2,2,2,2,2,2,2,2,422,86
227,1,1,6,2,,1,,1,,4,7,Guadalajara,39,,,,1,,,,,,,,,,,1,,,1,,,,1,1,4,2,3,1,1,3,3,2,,1,1,2,2,2,6,,3,2,2,2,3,3,2,4,2,2,2,2,2,2,2,,,,,,,,,,,1,1,1,1,1,1,1,1,2,1,1,1,2,1,2,2,2,2,2,2,2,2,2,2,,2,2,2,,2,,,2,423,848
228,1,1,5,3,,1,,1,,4,3,Colotlán,25,,,,,,,,,,,1,,,,1,,,,,,,2,1,1,4,5,3,1,2,2,1,,2,1,1,2,1,,,1,1,1,2,2,2,2,2,2,2,2,2,2,2,2,,,,,,,,,,,2,2,2,2,2,2,2,2,2,2,2,2,2,2,2,2,,,,,,,,,,,,,,,,,3,424,1922
229,1,1,5,5,,2,2,,,4,3,Colotlán,25,,,1,,,,1,,,1,,,,,,,,,,,,2,3,2,4,4,4,3,2,3,4,,2,1,1,2,1,,,1,2,3,3,3,3,2,2,2,1,2,1,1,2,2,,,,,2,2,2,3,1,2,2,1,1,1,2,2,1,2,2,1,2,2,2,1,2,2,,3,2,2,,,2,,,3,,,,3,,,2,425,142
230,2,1,6,2,,1,,1,,2,4,Colotlán,25,,,,,,,,1,1,1,,,,,,,,,,,,3,2,3,4,4,3,2,3,1,1,,1,1,1,1,2,7,,1,1,2,2,3,2,3,3,1,2,1,1,1,1,2,,,,,1,1,1,1,1,1,1,1,1,1,1,1,1,1,1,1,1,1,1,1,1,1,2,1,2,1,2,2,1,1,1,1,1,2,1,2,2,1,2,427,1330
231,1,1,6,2,,1,,1,,3,4,Huejúcar,41,,,,,,,,,,,,,,,1,,,,1,,,3,1,3,4,5,5,2,3,2,4,,1,1,1,1,1,,,1,2,4,3,4,4,2,1,2,2,2,1,3,1,2,,,,,2,1,3,1,2,2,1,1,2,1,1,1,1,1,1,1,1,1,1,1,1,1,2,2,,2,2,2,2,2,2,2,2,3,2,2,2,2,2,431,1715
232,2,1,6,2,,1,,5,,3,2,Colotlán,25,,,,1,,,,,,1,,,,,1,,,,,,,2,2,3,4,3,3,2,2,4,4,,3,1,2,2,1,,,2,3,3,3,3,3,2,3,2,2,2,2,2,2,2,,,,,,,,,,,1,1,1,1,1,1,1,1,1,1,1,1,1,1,1,1,2,2,2,1,2,2,1,2,2,1,2,2,2,2,2,2,2,432,2418
233,2,1,5,5,,1,,1,,6,1,Colotlán,25,,,1,,,,,,,,,,,,1,1,,,,,,3,2,3,4,4,4,2,3,2,4,,1,1,1,1,1,,,1,4,4,4,4,3,3,3,2,1,2,1,2,1,2,,,,,1,1,2,1,3,1,1,1,1,1,1,1,1,1,1,1,1,1,1,1,1,1,1,1,2,1,2,2,1,2,2,1,1,2,2,2,1,2,2,433,10046
234,2,1,5,2,,2,4,,,5,3,Tlajomulco de Zúñiga,97,,,,,,,,,,,1,,1,,1,,,,,,,3,1,3,4,2,2,1,3,3,3,,1,1,1,1,1,,,1,1,1,1,1,1,1,4,1,1,1,1,2,2,1,,,3,,1,1,1,1,2,1,1,1,1,1,1,1,1,1,1,1,1,1,1,1,1,1,1,2,2,2,2,2,1,2,2,2,2,2,2,2,2,2,2,434,11446
235,2,1,5,5,,1,,1,,3,5,Guadalajara,39,1,,,1,,,,,,,,,,,,,,,,,,2,2,2,3,3,2,2,2,2,4,,2,1,1,1,1,,,2,3,3,3,3,3,3,4,1,2,2,1,1,1,1,,,3,,3,1,2,1,3,1,1,1,1,1,1,1,1,1,1,1,1,2,1,1,1,1,2,2,2,1,2,2,1,2,2,1,2,,2,1,1,2,1,435,1352
236,2,1,5,4,,1,,1,,4,3,Colotlán,25,,,,,,,,1,,1,,,,,,1,,,,,,3,2,3,3,3,4,2,3,2,3,,3,1,2,2,1,,,2,5,5,5,5,5,5,4,2,2,2,2,2,2,2,,,,,,,,,,,2,,,,,,,,,,,,,,,,,,,,,,,,,,,,,,,,,437,1980
237,2,1,5,5,,1,,1,,5,6,Tlaquepaque,98,1,,1,1,,,,,,,,,,,,,,,,,,3,3,3,4,4,3,3,3,3,4,,2,1,2,2,1,,,2,5,5,2,2,5,5,4,2,2,1,1,2,3,1,,,3,,1,1,2,1,3,1,2,2,2,1,1,1,1,1,2,1,1,2,2,2,2,2,,,,3,3,3,3,3,,3,3,,,,,,3,440,1715
238,2,1,6,2,,2,2,,,3,5,Tlajomulco de Zúñiga,97,,,,1,,,,,,,,,,,1,1,,,,,,2,1,2,3,3,3,2,4,3,3,,2,1,2,2,1,,,2,2,2,2,2,2,2,3,1,2,1,2,1,1,2,,,,,2,2,2,2,3,2,1,1,1,1,1,1,1,1,1,1,1,1,1,1,1,1,2,2,2,1,2,2,1,1,2,1,2,2,2,2,2,2,2,441,102
239,2,1,5,4,,2,2,,,2,5,Tlaquepaque,98,1,,,1,,1,,,,,,,,,,,,,,,,2,2,2,2,2,2,2,2,2,3,,2,1,2,2,2,3,,2,3,4,3,3,3,2,4,1,2,1,1,2,1,1,,,3,,3,1,2,1,3,2,1,1,1,1,1,1,1,1,1,1,1,1,1,1,1,1,1,2,2,1,1,1,2,2,2,1,1,2,2,2,1,2,2,442,79
240,2,1,5,4,,2,2,,,7,3,Zapopan,120,,,1,,,,,,1,,,,,,1,,,,,,,2,1,1,4,1,2,1,2,3,3,,2,1,2,2,1,,,2,3,3,2,2,4,2,2,1,2,2,2,2,1,1,,,3,,2,1,2,1,3,2,2,1,2,1,1,1,1,1,1,1,1,1,1,1,1,2,,2,,1,2,2,1,2,2,1,1,2,1,2,1,,3,443,333
241,2,1,5,4,,2,2,,,4,5,Guadalajara,39,,,,1,,1,,,,,,,,,,,,1,,,,2,2,2,4,3,3,2,3,2,4,,2,1,2,2,1,,,2,1,1,1,1,1,1,3,2,2,2,2,2,1,1,,,3,,3,2,1,1,3,1,1,1,2,1,1,1,,1,2,1,1,2,2,2,2,2,2,2,,2,2,2,,2,,2,2,,,,,,2,444,133
242,1,1,5,5,,2,2,,,3,4,Zapotiltic,121,,,,,,,1,,,1,,,,,,,,,1,,,2,2,2,2,2,3,2,4,3,3,,3,1,2,2,1,,,1,1,2,2,2,2,2,2,2,2,2,2,2,2,2,,,,,,,,,,,2,2,2,1,2,1,2,2,2,1,2,2,1,2,2,2,,,,2,,2,,,,1,,,2,,,,2,446,127
243,1,1,5,4,,1,,1,,2,6,Zapopan,120,,1,,1,,,,,,,,,,,,,,1,,,,2,1,2,3,3,2,2,2,2,3,,2,1,2,2,1,,,2,1,1,1,1,1,1,2,1,2,2,2,2,1,2,,,,,2,1,2,1,3,2,2,2,2,1,1,1,1,1,1,1,1,2,2,1,1,2,,,,1,2,2,2,1,2,2,2,,,2,2,,1,447,710
244,2,1,6,2,,1,,1,,4,4,Guadalajara,39,,,,,,,,,,,,,,,1,,,,,,,1,1,1,3,3,5,1,1,1,4,,3,1,2,2,1,,,1,1,1,1,1,1,1,2,2,2,2,2,2,2,2,,,,,,,,,,,2,2,2,1,2,1,1,2,2,1,1,2,2,1,1,1,,,,2,,2,2,,,1,2,,,2,2,2,3,449,2349
245,2,1,5,5,,2,2,,,1,2,Tlajomulco de Zúñiga,97,,,1,1,,,,,,,,,,,,,,,1,,,2,2,2,4,3,4,2,4,4,4,,2,1,2,2,1,,,4,5,4,4,4,4,4,4,1,2,2,2,2,2,2,,,,,4,4,4,4,4,4,2,2,2,2,2,2,2,2,2,2,2,2,2,2,2,2,,,,,,,,,,,,,,,,,2,450,103
246,1,1,5,5,,2,2,,,3,6,Tlaquepaque,98,1,,,,,,,,,,,1,,,1,,,,,,,2,2,2,3,6,6,2,3,2,1,,2,1,2,2,1,,,2,2,1,1,1,2,2,3,2,2,1,2,2,2,2,,,,,2,1,3,2,2,1,1,1,2,1,1,1,1,1,2,2,2,2,2,2,2,2,2,2,,2,2,2,2,2,,,,,,,,,1,452,73
247,2,1,6,1,,1,,1,,3,8,Zapopan,120,,,,,,,,,,,,1,,,,,,,,,,1,1,1,1,6,1,1,3,2,4,,3,1,1,1,1,,,2,1,2,1,2,2,2,1,2,2,2,2,2,1,1,,,3,,2,1,3,1,3,1,1,2,1,1,1,1,1,1,2,1,1,2,1,2,1,2,2,,2,1,1,2,1,2,,1,2,,2,,2,,1,453,2599
248,2,1,6,2,,1,,1,,2,4,Zapopan,120,,,,,,,,,,,,,,,1,,,,,,,2,2,2,2,2,3,2,2,2,4,,3,2,2,2,2,7,,2,5,5,2,5,5,2,3,1,2,2,2,2,2,2,,,,,2,2,1,2,2,1,2,1,1,1,1,1,1,1,1,1,1,2,1,1,1,2,,2,2,1,2,2,1,2,2,1,2,,3,2,2,,3,454,1330
249,2,1,5,5,,2,2,,,2,6,Guadalajara,39,1,,,,,,,,,,,,,,1,,,,,,,2,2,3,4,3,3,3,3,2,4,,2,1,2,2,1,,,2,2,3,2,3,2,2,3,2,2,,2,2,2,2,,,,,,,,,,,2,2,1,1,1,1,1,2,2,1,1,2,1,1,1,2,,,2,2,2,2,2,,,2,2,,2,2,2,,3,455,58
250,2,1,5,4,,2,2,,,2,3,Zapopan,120,,,,,,,,,,,,,,,,,,,,,,,,,,,,,,,,,,,,,,,,,,,,,,,,,,,,,,,,,,,,,,,,,,,,,,,,,,,,,,,,,,,,,,,,,,,,,,,,,,456,86
251,2,1,5,4,,1,,1,,2,3,Guadalajara,39,,,,1,,,,,,1,,,,,1,,,,,,,2,2,2,3,3,4,3,2,2,1,,3,1,2,2,1,,,,,,,,,,,,,,,,,,,,,,,,,,,,,,,,,,,,,,,,,,,,,,,,,,,,,,,,,,,,,458,1121
252,2,1,5,4,,1,,1,,2,1,Zapopan,120,,,,,,,,,,,1,,,,1,,,,,,,2,3,2,3,2,3,2,3,5,4,,2,1,2,2,1,,,1,2,2,2,2,2,2,1,2,2,2,2,2,2,2,,,,,,,,,,,1,2,2,2,2,1,1,1,2,1,1,2,2,1,1,2,2,,,,,2,2,3,,1,2,,,1,2,,2,459,3207
253,2,1,5,4,,2,4,,,3,8,Guadalajara,39,,,1,1,,,,1,,,,,,,,,,,,,,2,2,2,3,3,3,2,3,2,4,,2,1,2,2,2,6,,2,2,3,2,3,3,2,2,2,2,1,2,2,1,2,,,,,2,2,2,2,2,2,2,1,1,1,1,1,1,2,1,1,1,2,2,2,2,2,,2,2,2,2,2,2,,2,2,2,,,,,,2,460,11296
254,2,1,5,4,,1,,4,,4,4,Guadalajara,39,,,,,,,,,,,,,,,1,,,,,,,2,1,4,4,3,4,4,1,5,4,,2,1,1,1,1,,,1,1,1,1,2,2,1,2,2,2,2,2,2,2,2,,,,,,,,,,,2,1,1,1,1,1,1,1,1,1,1,1,1,1,1,1,,2,2,2,2,2,1,2,2,2,2,2,2,2,2,2,1,461,2349
255,2,1,6,6,,1,,4,,5,6,Zapopan,120,,,1,,,,,1,,,,,,,,,,,,,,2,2,2,3,3,2,2,2,1,4,,4,1,2,2,1,,,1,2,2,2,3,3,2,3,2,2,2,2,2,2,2,,,,,,,,,,,2,1,2,1,2,1,1,2,2,1,1,1,1,2,1,1,,2,,2,,2,2,,,2,2,2,2,,2,2,2,462,1715
256,1,1,5,4,,1,,5,,5,8,Zapopan,120,,,,,,1,,,,,,,1,,1,,,,,,,1,1,4,2,3,3,1,1,1,1,,3,1,2,2,1,,,1,2,2,2,2,2,2,2,2,2,2,2,2,2,2,,,,,,,,,,,1,1,1,1,1,1,1,1,1,1,1,1,1,1,1,1,2,2,2,2,2,2,1,2,2,2,2,2,2,2,2,2,1,463,4461
257,1,1,5,4,,1,,1,,3,6,Guadalajara,39,1,,,,,,,,,,1,,,,1,,,,,,,2,2,3,3,2,4,2,3,2,3,,2,2,2,2,1,,,2,2,2,2,3,3,2,3,2,2,2,2,2,2,2,,,,,,,,,,,1,1,1,1,1,1,1,1,1,1,1,1,1,1,1,1,2,2,2,2,2,2,2,2,2,2,2,2,2,2,2,2,2,464,943
258,2,1,5,5,,1,,1,,4,5,Guadalajara,39,,,,,,,,,,1,1,,,1,,,,,,,,1,1,1,4,1,4,1,3,6,4,,3,1,1,2,1,,,1,1,1,1,2,1,1,2,2,2,2,2,2,1,1,,,3,,3,1,1,1,3,1,1,1,2,1,1,1,1,2,2,1,1,2,1,2,2,2,2,2,,1,2,2,1,,,1,2,,2,,,,1,465,1797
259,2,1,5,4,,1,,5,,3,6,Guadalajara,39,,1,,,,,,1,,,,,,,1,,,,,,,2,2,1,3,3,2,2,2,2,4,,1,1,2,2,1,,,2,5,5,5,3,3,2,3,2,2,2,2,2,2,2,,,,,,,,,,,2,1,2,1,1,1,1,2,1,1,2,2,2,2,2,2,,2,,2,2,2,2,,2,2,,,,,,,2,466,971
260,2,1,5,4,,1,,5,,4,7,Tlajomulco de Zúñiga,97,,,,,,,,,,,,,,,1,1,,1,,,,1,1,1,3,5,1,2,3,5,4,,3,1,2,2,1,,,1,1,2,1,2,2,1,1,1,2,2,2,2,2,2,,,,,3,3,3,1,3,1,2,2,2,1,1,1,1,1,2,1,1,2,2,1,2,1,,,,2,2,2,1,1,,2,2,,,2,,2,2,467,874
261,2,1,5,4,,2,2,,,4,4,Guadalajara,39,,,1,,,,,,,,1,,,1,,,,,,,,2,2,2,3,3,3,3,3,2,3,,2,1,2,2,1,,,2,3,4,3,3,3,2,4,1,2,1,1,2,2,2,,,,,1,1,2,1,3,1,1,1,1,1,1,1,1,1,1,1,1,1,1,1,1,1,1,2,2,1,2,2,2,1,2,1,1,2,2,1,2,1,2,468,172
262,2,1,6,2,,1,,1,,2,7,Guadalajara,39,,,1,1,,,,,,,,,,,1,,,,,,,2,2,4,4,3,2,2,3,2,4,,3,1,2,2,1,,,1,1,1,1,3,3,2,1,1,2,2,2,2,2,2,,,,,4,4,4,4,4,4,1,1,1,1,1,1,1,1,1,1,1,1,1,1,1,1,2,2,2,1,1,1,2,1,2,1,2,1,2,2,2,2,1,469,497
263,2,1,5,3,,2,4,,,4,7,Zapopan,120,,1,,,,,,,,,,,,,1,1,,,,,,2,4,4,2,2,2,1,2,2,4,,2,1,2,2,1,,,1,2,2,2,2,2,2,3,1,2,2,2,2,2,2,,,,,2,2,2,2,2,2,2,2,2,1,2,2,2,2,2,2,1,2,1,2,2,2,,,,2,,,,,,,2,,2,,,,2,471,3780
264,2,1,5,5,,2,2,,,1,5,Tlaquepaque,98,,,,,,,,,,,,,1,,1,1,,,,,,2,3,3,4,4,3,3,4,3,1,,2,1,1,2,1,,,2,2,3,2,2,3,2,2,1,2,1,2,2,2,1,,,3,,2,2,2,2,3,2,1,1,1,1,1,1,1,1,2,1,1,2,1,1,1,2,3,3,1,1,2,2,1,1,,1,1,,1,1,2,,3,474,61
265,2,1,5,4,,1,,5,,4,5,El Salto,70,,,,,,,,,,1,,,1,,1,,,,,,,1,1,5,5,2,5,3,3,1,4,,2,1,1,2,1,,,1,4,3,2,2,2,3,2,1,2,2,1,1,2,2,,,,,1,2,2,1,2,2,2,1,1,1,1,1,1,2,2,1,2,2,2,2,,1,,2,2,2,2,2,1,,,2,,,,,,2,2,475,1797
266,2,1,5,5,,1,,1,,4,3,Guadalajara,39,,,1,,,,,,,,,,,,1,1,,,,,,2,2,2,4,3,4,2,2,2,4,,3,1,2,2,1,,,2,3,3,2,3,4,5,5,2,2,2,2,2,2,2,,,,,,,,,,,1,2,2,1,1,1,1,1,1,1,2,2,2,2,2,2,2,,,2,2,2,2,3,2,2,,,,,,,3,476,1980
267,1,1,5,3,,1,,1,,3,3,Puerto Vallarta,67,1,,,,,,,,,,,,,,1,1,,,,,,2,2,2,5,4,5,4,4,3,4,,1,1,1,1,1,,,2,3,3,3,3,2,3,3,2,2,2,2,3,3,3,,,,,,,,,,,1,1,1,1,1,1,1,1,1,1,1,1,1,1,1,1,2,2,2,2,2,2,1,2,2,2,1,2,2,2,2,2,2,477,1446
268,2,3,5,4,,1,,1,,1,4,Tlaquepaque,98,1,,,,,,,,,,,,,,1,,,1,,,,2,2,2,3,3,4,2,2,3,1,,2,1,2,2,1,,,2,2,2,1,2,2,2,3,2,2,2,2,2,2,2,,,,,,,,,,,1,1,1,1,1,1,1,1,1,1,1,1,1,1,1,1,2,2,2,2,2,2,1,2,2,2,2,2,2,2,2,2,2,478,1001
269,2,1,5,4,,2,2,,,3,4,Guadalajara,39,,,,1,,,,,,1,,,,,1,,,,,,,1,2,2,3,3,3,2,1,1,4,,2,1,2,2,1,,,1,2,2,1,1,2,1,1,1,2,2,2,2,2,2,,,,,2,1,2,2,3,1,2,2,1,1,1,1,1,1,1,1,1,2,1,2,2,2,,,2,2,2,2,1,2,2,2,2,,2,,,,1,480,131
270,2,1,6,1,,1,,1,,2,4,Tepatitlán de Morelos,93,,,,,,,,,,,1,1,,,1,,,,,,,2,2,2,3,3,4,4,4,2,4,,2,1,1,2,1,,,1,1,2,2,2,2,2,3,2,2,1,1,1,1,2,,,,,2,1,2,3,3,2,2,2,1,1,1,1,1,1,2,1,1,1,1,1,1,1,,,2,1,2,2,1,2,,1,2,1,1,2,2,2,2,482,1330
271,1,2,6,2,,1,,5,,10,6,Zapopan,120,,1,,1,,,,,,,,,,,,1,,,,,,2,2,2,2,2,3,2,2,2,5,,1,1,1,1,1,,,1,1,2,2,2,2,2,2,2,2,1,2,2,1,1,,,3,,1,1,3,2,3,1,1,1,1,1,1,1,1,1,1,1,1,1,1,1,1,2,2,2,2,2,2,2,2,1,1,1,1,1,2,1,1,,2,483,6925
272,2,1,5,4,,2,2,,,2,6,Guadalajara,39,1,,,,,,,,,,,1,,,1,,,,,,,1,2,1,2,1,1,1,1,1,1,,2,1,2,2,1,,,1,1,1,1,1,1,1,1,1,2,2,2,2,2,2,,,,,3,3,3,1,2,1,2,2,1,1,1,1,1,1,1,1,1,2,1,1,2,1,,,2,1,2,2,1,1,2,2,2,,2,1,,2,2,484,58
273,2,1,5,6,,1,,1,,1,4,Puerto Vallarta,67,,,,1,,,,,1,,,,1,,,,,,,,,3,3,2,3,3,4,2,2,2,4,,1,1,2,2,1,,,2,2,2,2,2,2,2,1,1,2,2,1,1,2,1,,,3,,3,1,2,1,3,2,1,1,1,1,1,1,1,1,1,1,1,1,1,1,1,1,2,2,2,1,1,2,1,1,2,1,2,2,2,2,1,2,1,485,1001
274,2,2,5,5,,2,2,,,3,5,Guadalajara,39,1,,,,,,,,,,,,,,1,1,,,,,,2,2,2,4,2,2,3,3,2,3,,3,1,2,2,1,,,2,2,3,2,3,3,2,2,1,2,1,2,2,2,2,,,,,1,2,2,2,1,2,1,1,2,1,1,1,1,1,2,1,1,2,2,2,1,2,2,2,,2,2,2,1,2,,2,1,,,,1,,2,486,102
275,2,1,5,4,,2,2,,,4,4,Zapopan,120,,,,,,,,,1,,,,,1,,,,,,,,4,2,3,2,3,3,2,3,2,1,,3,2,2,2,1,,,2,3,2,2,2,2,2,2,2,2,1,2,2,2,2,,,,,3,3,1,3,2,2,2,2,2,2,2,1,2,,2,1,2,2,2,2,2,2,,,,,,2,,,,2,,,,,,,2,488,172
276,1,4,6,5,,2,3,,,2,6,Zapopan,120,,,,1,,,,,,,,,,,1,,,,1,,,2,2,3,3,3,2,2,3,3,1,,2,1,2,1,1,,,,,,,,,,,,,,,,,,,,,,,,,,,,,,,,,,,,,,,,,,,,,,,,,,,,,,,,,,,,,489,265
277,1,1,5,5,,1,,1,,4,6,Puerto Vallarta,67,,,,,,,,,,1,1,1,,,,,,,,,,2,2,1,3,3,3,1,3,2,4,,1,1,2,2,1,,,1,1,1,1,1,1,1,3,1,2,2,1,1,2,2,,,,,3,2,3,1,3,2,1,1,1,1,1,1,1,1,2,1,1,1,1,1,1,1,2,2,2,2,1,2,1,1,,1,2,2,2,2,2,2,1,490,1252
278,2,1,5,3,,2,2,,,4,5,Puerto Vallarta,67,,,,,,,,,,1,,,,1,,,,1,,,,2,1,1,3,4,2,1,1,1,4,,1,1,1,1,1,,,1,2,3,1,2,1,1,1,2,1,2,2,1,2,2,,,,,2,3,3,2,3,2,2,1,1,1,1,1,1,2,2,1,1,1,1,1,1,1,,2,2,2,1,2,2,,,1,2,1,2,2,2,2,2,491,133
279,1,1,5,4,,1,,5,,3,6,Puerto Vallarta,67,,,1,,,,,1,,,,,,,1,,,,,,,2,2,3,3,3,3,2,2,2,4,,2,1,1,2,1,,,1,2,1,2,2,2,2,3,2,1,1,1,2,2,1,,,3,,2,2,3,2,2,2,1,1,1,1,1,1,1,1,1,1,1,1,1,1,1,1,1,1,2,1,1,2,1,2,2,1,2,2,2,2,2,2,2,492,943
280,1,2,6,4,,1,,4,,4,7,Tlajomulco de Zúñiga,97,,,,,,,,,,,,,,,1,,,1,,,,1,1,1,4,3,2,2,1,3,4,,3,1,1,1,1,,,1,3,4,2,3,3,2,4,1,2,2,2,2,2,2,,,,,4,4,4,2,1,3,1,1,1,1,1,1,1,1,2,1,1,2,1,1,2,2,1,1,2,2,2,2,1,2,,2,2,,2,2,,,2,494,848
281,2,1,5,5,,1,,5,,8,3,Puerto Vallarta,67,,,1,,,,,,,,,,,1,1,,,,,,,3,2,4,4,4,3,2,4,3,3,,2,1,1,1,1,,,2,1,2,2,2,1,1,1,1,1,2,1,1,1,1,,,3,,3,1,3,1,3,1,1,1,1,1,1,1,1,1,1,1,1,2,1,1,2,1,1,2,1,1,2,2,1,2,2,1,1,,1,1,,2,2,495,6198
282,1,1,5,3,,1,,5,,3,3,Puerto Vallarta,67,,,,,,,,,,1,,,,,1,,,1,,,,1,1,1,4,4,4,3,4,3,1,,2,1,1,2,2,6,,2,4,4,3,4,4,3,4,1,1,1,1,1,2,1,,,3,,2,1,1,1,3,1,1,1,1,1,1,1,1,1,1,1,1,1,1,1,1,1,1,1,2,1,2,2,1,2,2,1,1,2,2,2,2,2,2,496,1446
283,1,2,6,2,,1,,4,,4,7,Puerto Vallarta,67,,,1,,,,,1,,,,,,,,,,,,,,1,5,1,2,3,3,2,1,1,3,,3,1,2,2,1,,,1,1,2,1,1,1,1,3,1,2,1,2,1,2,2,,,,,2,2,3,2,2,2,1,1,1,1,1,1,1,1,1,1,1,1,1,1,1,1,2,2,2,1,2,2,2,1,2,2,2,2,2,2,2,2,2,497,848
284,2,2,5,4,,2,4,,,4,9,Tepatitlán de Morelos,93,,,,,,,,,1,,,,,,1,,,1,,,,1,1,1,3,2,3,2,3,2,4,,3,1,2,2,1,,,2,2,3,2,2,3,2,2,2,2,2,2,2,2,2,,,,,,,,,,,1,1,1,1,1,1,1,2,1,1,1,2,2,2,2,2,2,2,2,2,2,2,1,,2,2,2,,,,,,2,498,43489
285,2,1,5,3,,1,,5,,6,3,Zapopan,120,,,,1,,,,,,,,,,,,,,,,,,2,2,3,3,2,2,2,3,2,4,,3,1,1,2,1,,,1,1,1,1,1,1,1,1,2,2,2,2,2,2,2,,,,,,,,,,,2,1,1,1,1,1,1,1,1,1,1,1,1,1,1,1,,2,2,2,2,2,2,2,2,2,2,2,2,2,2,2,3,501,3502
286,2,1,5,5,,1,,1,,4,3,Guadalajara,39,,,,,,,,,1,,,,,,1,1,,,,,,2,2,2,3,2,3,3,2,2,3,,1,1,1,1,1,,,1,3,3,2,3,3,2,1,2,2,2,2,2,2,2,,,,,,,,,,,1,1,1,1,1,1,1,1,1,1,1,1,1,1,1,1,2,2,3,2,2,2,2,2,2,2,2,2,3,2,2,3,2,502,1980
287,1,1,5,6,,1,,5,,3,4,Guadalajara,39,1,,,,,,,,,,,1,,,1,,,,,,,2,2,3,4,2,4,4,4,2,4,,2,1,2,2,1,,,2,2,2,2,3,4,2,3,2,1,2,2,1,1,1,,,3,,2,1,2,1,3,1,2,1,2,1,1,1,1,1,1,1,1,1,1,1,1,2,,2,,1,2,2,1,2,2,1,1,2,2,1,1,,1,503,1715
288,1,1,5,4,,2,2,,,4,5,Zapopan,120,,,,,,,,,,,,,,,1,,,,,,,2,2,2,4,3,3,2,2,2,1,,2,1,2,2,1,,,2,2,2,2,2,2,2,2,2,2,2,2,2,2,2,,,,,,,,,,,1,1,1,1,1,1,1,1,1,1,1,1,1,1,1,1,2,2,2,2,2,2,2,2,2,2,2,2,2,2,2,2,2,504,129
289,2,1,5,4,,1,,1,,4,3,Guadalajara,39,1,,1,,,,,,,,,,,,1,,,,,,,2,1,2,3,2,3,2,2,1,4,,3,1,2,2,1,,,2,3,4,3,4,4,2,3,2,2,2,2,2,2,2,,,,,,,,,,,1,2,1,1,1,1,1,1,2,2,2,2,2,2,2,2,3,,2,3,2,2,2,2,,,,,,,,,2,505,1980
290,2,1,5,5,,2,5,,,2,8,Zapopan,120,,,,,,,,1,,,,,,,1,,,1,,,,3,2,2,2,4,3,1,2,2,4,,2,1,2,2,2,7,,1,3,3,3,3,3,3,3,1,2,2,2,2,2,2,,,,,2,1,2,2,3,1,1,1,1,1,1,1,1,1,1,1,1,1,1,1,1,1,2,2,2,2,2,2,2,2,2,2,2,2,2,1,1,2,2,506,1104
291,2,1,5,4,,2,2,,,5,2,Guadalajara,39,,,,1,,,,,,1,,,,,,,,,,,,2,2,2,4,4,2,2,2,2,5,,3,1,2,2,2,,,,,,,,,,,,,,,,,,,,,,,,,,,,,,,,,,,,,,,,,,,,,,,,,,,,,,,,,,,,,508,307
292,2,1,5,6,,1,,1,,3,4,Guadalajara,39,,,,,,,,1,,1,,,,,1,,,,,,,2,2,2,3,2,3,2,2,1,1,,2,1,2,2,1,,,2,2,3,2,3,3,2,3,1,2,2,1,1,1,1,,,3,,3,1,2,1,3,1,2,2,1,1,1,1,1,2,2,1,1,1,1,1,1,1,,,2,1,2,2,1,,,1,2,2,2,2,2,1,2,509,1767
293,1,1,5,6,,2,5,,,1,1,Guadalajara,39,1,,1,,,,,,,,,,,,1,,,,,,,2,2,3,4,3,,,,,,,4,2,2,2,1,,,1,1,1,1,1,1,1,1,2,2,2,2,2,2,2,,,,,,,,,,,2,2,2,2,2,2,2,2,2,2,2,2,2,2,2,2,,,,,,,,,,,,,,,,,2,510,1321
294,1,1,5,5,,1,,1,,3,4,Guadalajara,39,,,,,,,,,,1,1,,,,1,,,,,,,2,3,3,4,2,6,2,5,2,1,,2,1,2,2,1,,,2,3,3,2,3,3,2,3,3,2,3,1,3,1,1,,,3,,2,1,1,2,3,2,2,1,1,1,1,1,1,2,2,2,2,2,2,2,2,2,,3,2,1,1,2,2,,,,,,,,,,2,511,1715
295,2,1,5,5,,1,,5,,6,1,Guadalajara,39,1,,,,,,,,,,,1,,,1,,,,,,,1,1,1,2,1,1,1,1,1,4,,3,1,2,2,1,,,,,,,,,,,,,,,,,,,,,,,,,,,,,,,,,,,,,,,,,,,,,,,,,,,,,,,,,,,,,512,10046
296,2,1,6,3,,1,,5,,1,4,Guadalajara,39,,1,,,,,,,,,,,,,1,,,,,,,2,2,2,3,2,2,2,2,3,4,,2,2,2,2,1,,,3,2,3,2,3,3,2,4,2,2,1,2,2,,1,,,3,,2,1,2,1,3,1,,1,,1,1,1,1,1,,1,1,,,1,,1,,2,,1,2,2,1,1,,1,2,,,2,,2,3,513,1001
297,1,1,5,4,,1,,5,,6,8,Zapopan,120,,,1,,,,,,,,1,,,,1,,,,,,,2,2,2,3,3,3,1,1,2,4,,1,1,1,1,1,,,2,2,2,2,2,2,2,4,1,1,1,1,1,1,1,,,3,,2,1,2,1,2,1,1,1,1,1,1,1,1,2,1,1,2,2,1,2,2,2,2,2,2,1,2,2,1,,2,1,,,2,,,,2,515,5935
298,1,1,5,4,,1,,1,,4,8,Zapopan,120,,,1,,,,,,,,,,,,1,1,,,,,,3,2,2,4,2,2,1,4,6,1,,2,2,2,2,2,7,,1,2,1,1,1,1,1,1,2,2,1,2,1,2,2,,,,,1,1,3,2,2,2,,1,1,1,1,1,1,1,1,1,1,2,1,1,1,2,,2,2,1,2,2,2,2,2,1,2,,2,2,2,,2,517,3354
299,1,1,5,4,,1,,1,,3,8,Zapopan,120,,,,,,,,,,,1,,,,1,1,,,,,,3,1,4,4,3,2,2,6,2,4,,2,1,2,2,1,,,2,3,3,1,2,2,2,2,2,2,2,2,1,2,2,,,,,2,2,2,2,2,2,1,1,1,1,1,1,1,1,1,1,1,1,1,1,1,1,2,1,2,1,2,2,1,2,2,1,2,2,2,1,2,2,1,518,2522
300,1,1,5,4,,1,,1,,3,8,Zapopan,120,,,,,,,,,,,1,1,,,,,1,,,,,1,1,3,4,2,3,1,2,2,3,,1,1,2,2,2,3,,1,1,2,2,2,1,1,4,2,2,1,2,2,1,1,,,3,,3,1,2,1,3,1,1,1,1,1,1,1,1,2,1,1,2,2,1,2,1,2,1,2,2,2,2,2,1,,2,1,,,2,,2,,3,519,2522
301,1,1,5,4,,1,,1,,3,7,Guadalajara,39,,,,,,,,,,,,,,,,,,,,,,,,,,,,,,,,,,,,,,,,,,,,,,,,,,,,,,,,,,,,,,,,,,,,,,,,,,,,,,,,,,,,,,,,,,,,,,,,,,520,639
302,1,1,5,4,,1,,4,,3,7,Zapopan,120,,,,,,,,,1,,1,,,,,1,,,,,,2,2,2,3,4,4,3,3,3,4,,1,1,1,2,1,,,2,1,1,1,1,2,1,4,1,2,2,1,2,1,1,,,3,,3,1,3,1,3,1,1,1,1,1,1,1,1,1,1,1,1,2,1,1,1,1,1,1,2,1,2,2,2,2,2,1,2,,2,2,2,2,3,521,639
303,1,1,5,3,,1,,4,,3,4,Zapopan,120,1,,,,,,,,,,,,,,1,,,1,,,,2,1,2,4,2,2,1,4,2,3,,2,1,2,2,1,,,2,2,3,,2,3,2,2,2,2,2,2,2,2,2,,,,,,,,,,,2,2,2,2,2,2,1,2,2,1,2,2,2,2,2,,,,,,,,1,,,1,,,,,,,1,522,1715
304,1,1,5,4,,1,,1,,2,4,Guadalajara,39,1,,,,,,,,,,,,,,,,,1,1,,,1,1,4,4,3,5,3,1,2,4,,3,2,2,2,1,,,2,3,2,1,4,4,4,4,2,2,2,2,2,2,2,,,,,,,,,,,2,1,1,1,1,1,1,1,1,1,1,2,2,2,1,1,,2,2,2,2,2,2,2,2,2,2,,,,2,2,2,523,1290
305,1,1,5,4,,1,,4,,3,7,Zapopan,120,,,,,,,,,,,,,,,1,,,,,,,2,3,3,4,3,2,2,2,2,4,,1,1,2,2,1,,,2,2,3,2,4,3,2,3,2,2,2,1,2,2,2,,,,,1,1,2,4,2,1,2,2,1,1,1,1,1,1,1,1,1,1,2,1,1,2,,,2,1,2,1,1,3,3,3,3,2,,2,2,,2,524,639
306,1,1,6,2,,2,2,,,5,5,Guadalajara,39,,,,,,,,,,,1,1,,,1,,,,,,,2,2,4,3,3,5,3,3,5,3,,3,2,2,2,1,,,,,,,,,,,,,,,,,,,,,,,,,,,,,,,,,,,,,,,,,,,,,,,,,,,,,,,,,,,,,525,170
307,2,1,5,4,,1,,3,,3,6,Guadalajara,39,1,1,,,,,,,,,,,,,1,,,,,,,2,2,2,3,3,3,2,4,2,4,,2,2,2,2,1,,,3,3,4,2,4,4,3,4,2,2,2,2,2,1,2,,,,,2,1,4,2,3,2,1,2,1,1,1,1,1,2,1,1,1,2,2,1,1,1,2,,2,1,2,2,2,,2,1,2,,,2,1,2,2,526,971
308,1,1,5,3,,2,2,,,1,5,Zapopan,120,,,,,,,,1,,,,,,,1,1,,,,,,2,2,2,4,4,3,2,2,2,3,,2,1,2,2,1,,,2,2,2,2,2,2,2,3,1,2,2,1,2,2,2,,,,,1,2,2,2,2,2,2,1,1,1,1,1,1,1,1,1,1,1,1,1,1,2,,2,2,1,2,1,1,2,2,1,2,2,2,2,2,,2,527,59
309,2,1,5,5,,1,,7,Estudiante,1,4,Zapopan,120,,,,,,,,,,,,,,,,,,,,,,,,,,,,,,,,,,,,,,,,,,,,,,,,,,,,,,,,,,,,,,,,,,,,,,,,,,,,,,,,,,,,,,,,,,,,,,,,,,528,1001
310,1,1,5,4,,1,,1,,2,7,Mixtlán,62,,,,,,,,,,,,,,,,,,,,,,,,,,,,,,,,,,,,,,,,,,,,,,,,,,,,,,,,,,,,,,,,,,,,,,,,,,,,,,,,,,,,,,,,,,,,,,,,,,530,482
311,1,1,5,4,,2,2,,,8,3,Puerto Vallarta,67,,,,,,,,,,,1,,,,1,,,1,,,,1,1,2,4,4,3,1,2,2,4,,2,1,2,2,1,,,1,2,2,1,2,2,2,2,2,2,2,2,2,2,2,,,,,,,,,,,1,1,1,1,1,1,1,1,1,1,1,1,1,1,1,1,1,1,2,2,2,2,1,2,2,1,2,2,2,2,1,1,,531,428
312,1,1,5,5,,2,2,,,3,4,,,,,,1,,,,,,,,,,,1,,,1,,,,2,2,2,4,4,4,2,2,2,1,,3,1,2,2,1,,,1,1,1,1,1,1,1,1,2,2,2,1,1,1,2,,,,,1,1,3,1,3,1,1,1,1,1,1,1,1,1,1,1,2,1,2,1,1,2,2,2,2,2,2,2,2,2,2,1,,2,,2,2,,2,538,127
313,1,1,5,4,,1,,1,,4,3,Zapopan,120,,,,,,,,1,,,,,1,,1,,,,,,,2,2,2,3,3,3,4,2,3,4,,4,1,2,2,2,1,,2,5,5,5,5,5,5,5,2,2,2,2,2,2,2,,,,,,,,,,,1,1,1,1,1,1,1,1,1,1,1,2,1,2,1,2,2,2,2,2,2,2,2,2,2,2,2,,2,,2,,3,540,1922
314,1,1,5,4,,1,,1,,5,4,Tepatitlán de Morelos,93,,,1,,,,,,1,,,,,,1,,,,,,,2,2,3,4,3,3,2,3,4,1,,2,1,1,2,1,,,1,1,1,1,2,4,2,4,1,2,2,1,1,2,2,,,,,1,2,2,2,2,2,1,1,1,1,1,1,1,1,1,1,1,2,1,2,2,2,2,2,2,2,2,2,1,1,2,2,2,,1,,,,2,541,3031
315,1,3,5,5,,2,2,,,2,8,Mexticacán,60,,,1,,,,,,,,,,,,1,,1,,,,,2,2,4,4,5,5,4,3,5,4,,3,1,2,2,1,,,2,4,4,4,4,4,2,4,2,2,2,2,2,1,2,,,,,1,1,3,1,1,1,1,1,1,1,1,1,1,1,1,1,1,1,1,1,1,1,2,3,2,2,2,2,2,2,2,2,2,3,2,2,2,2,2,542,140
316,2,1,5,4,,1,,1,,6,5,Tala,83,,,,,,,,,,,,,,,,,,,,1,,1,1,1,2,2,3,1,4,1,4,,2,1,1,2,1,,,2,2,1,,2,2,2,2,2,1,1,2,2,2,1,,,3,,3,1,3,1,3,1,1,1,1,1,1,1,1,1,1,1,1,1,1,1,1,1,2,2,2,1,2,2,1,2,2,1,2,1,2,2,1,2,3,546,3177
317,1,2,5,4,,2,2,,,1,3,Tlaquepaque,98,,,,1,,,,,,,,,,1,,,,,1,,,2,2,2,2,3,2,2,2,2,4,,1,1,1,1,1,,,1,2,2,1,2,3,3,2,2,2,2,2,2,2,2,,,,,,,,,,,1,1,1,1,1,1,1,1,1,1,1,1,1,1,1,1,2,2,2,2,2,2,2,2,2,2,2,2,2,2,2,2,2,547,65
318,2,1,5,4,,1,,1,,6,2,Ixtlahuacán del Río,45,,,,1,,,,,,,,,,,1,1,,,,,,1,1,1,4,,5,2,4,5,4,,2,1,2,2,1,,,1,1,1,1,1,1,1,1,2,2,2,1,1,2,2,,,,,2,1,2,1,2,1,2,2,1,1,1,1,1,1,2,1,1,2,1,1,1,1,,,2,2,2,2,2,2,,1,2,,2,2,1,1,1,548,5691
319,1,1,6,3,,1,,1,,1,4,Tepatitlán de Morelos,93,,,,1,,,,,,,1,,,,1,,,,,,,2,2,2,3,3,3,2,2,2,4,,1,1,1,1,1,,,1,1,1,1,1,1,1,1,2,2,2,2,2,2,2,,,,,,,,,,,1,1,1,1,1,1,1,1,,1,1,1,1,1,1,1,2,3,2,2,1,2,2,1,,2,2,2,2,2,2,2,1,550,971
320,2,1,5,5,,1,,1,,5,7,Guadalajara,39,1,,1,,,,,,,,,,,,1,,,,,,,1,1,2,3,2,2,2,3,2,1,,4,1,2,2,1,,,2,3,3,2,2,2,2,2,2,2,2,2,2,2,2,,,,,,,,,,,1,1,1,1,1,1,1,2,1,1,2,2,2,2,1,1,2,2,2,2,2,2,1,,2,1,,,,,2,2,3,552,1160
321,2,3,5,3,,1,,1,,2,4,Puerto Vallarta,67,1,,,,,,,,,1,,,,,,,,,,1,,1,1,1,2,2,3,1,1,1,3,,2,1,1,2,1,,,1,1,1,1,1,1,1,1,1,2,2,2,2,2,2,,,,,3,3,2,3,3,2,1,1,1,1,1,1,1,1,1,1,1,1,1,1,1,1,3,3,3,3,3,2,3,3,3,3,3,3,3,3,3,3,1,554,1330
322,1,2,5,4,,2,2,,,1,4,Tlaquepaque,98,,,,1,,,,,,1,,,,1,,,,,,,,1,1,1,1,1,1,1,1,1,4,,3,1,2,1,1,,,1,2,2,1,3,2,2,3,2,2,2,2,2,2,2,,,,,,,,,,,2,2,2,2,2,1,1,1,1,1,1,1,1,1,1,1,,,,,,2,2,2,2,2,2,2,2,2,2,2,2,555,75
323,1,2,5,6,,2,2,,,4,4,Tonalá,101,1,,,1,,,,,,,,,,,,1,,,,,,3,5,3,4,3,5,3,5,5,1,,3,2,2,2,2,9,por que en mi trabajo no me pemitieron ir a votar,1,2,2,2,2,2,2,2,1,2,1,2,2,2,2,,,,,2,2,3,2,3,2,2,2,1,1,1,1,1,1,1,1,1,1,1,1,2,2,,,2,1,2,2,2,2,2,1,1,2,1,1,,,1,556,167
324,1,1,5,4,,2,2,,,3,3,Zapopan,120,1,,,,,,,,,,,,,,1,,,1,,,,2,2,2,3,3,3,2,3,3,4,,4,1,2,2,1,,,2,2,2,2,2,2,2,2,2,2,2,2,2,2,2,,,,,,,,,,,1,1,1,1,1,1,1,1,1,1,1,1,1,1,1,1,2,2,2,2,2,2,2,2,2,2,2,2,2,2,2,2,2,559,108
325,1,1,5,3,,2,2,,,2,5,Guadalajara,39,1,,,1,,,,,,,,,,,,,,,,,,2,3,4,3,3,2,2,2,2,4,,2,1,2,1,2,6,,1,1,1,1,1,1,1,3,2,2,2,2,2,2,2,,,,,,,,,,,2,1,1,1,1,1,1,1,1,1,1,1,1,1,1,2,,2,2,2,2,2,2,2,2,1,2,2,2,2,2,,2,562,76
326,2,1,5,4,,1,,1,,5,3,Zapopan,120,,,,,,,,,1,,,,,,1,,,1,,,,2,2,1,3,4,3,2,4,4,4,,2,1,1,2,1,,,1,1,1,1,1,1,1,3,2,2,2,2,2,2,1,,,3,,2,1,3,1,3,1,2,1,1,1,1,1,1,1,1,2,1,2,2,1,2,1,,2,2,2,2,2,2,2,2,,2,,,2,,2,2,563,2633
